537,notre h te a  t  tr s amicale  comme nous avons lou  pour la fin de semaine et elle  tait absente pendant la fin de semaine  nous l avons rencontr  un peu avant et un peu apr s  en fin de compte  nous avons eu sa maison au complet pour nous  son chien  un labrador  a  t  adorable   le logement a  t  tel que indiqu   nous nous sommes servis des appareils dans la cuisine et de la laveuse et la secheuse   un quartier tranquile  typiquement bourgeoisie moyenne 
641,nice  quiet place 
662,la maison de jennifer est dans un quartier paisible   20mn en bus du centre de seattle  la chambre  tait tr s propre et bien  quip e avec frigidaire  tv  micro onde et placard  le lit  tait confortable  pour notre arriv e jennifer nous avait laiss e des g teaux et yaourts dans la chambre  nous avions pour le petit d jeuner du caf   du  th  et c r ales   volont   nous disposions de la cuisine   notre convenance  nous avons trouv  jennifer tr s agr able  tr s souriante et de tr s bon accueil  malheureusement nous n avons pas eu l occasion de discuter souvent avec elle car nous n avions pas les m mes horaires 
1538,excellent nice place no hassles
1842,le logement est comme sur les photos et bien plac  par rapport au transport en commun   dans le livre d instruction dirk and jaq ont laiss  des bonnes adresses   le quartier le soir est pas tr s recommandable   
2026,c est la seconde fois que je loue un appartement l   il n y a aucune mauvaise surprise  j appr cie la propret  du logement  je le loue lorsque je vais   seattle car il est proche du link et train vers l a roport 
2077,nous avons pass s un tr s bon moment   seattle  le logement  tait tel que sur les photos  chaleureux  lumineux et tr s bien localis   le propri taire si besoin respond   nos question par email ou t l phone et sait se montrer   l  coute des locataires    je conseil grandement cet appartement pour quelques jours sur seattle  merci
2500,h te tr s disponible   cependant  pas de laveuse ni s cheuse disponibles dans l appartement tel que pr vu   appartement bien situ  mais tr s bruyant  d autant plus qu il n y a pas d air climatis  et qu il faut donc garder les fen tres ouvertes   finalement  il n y a pas de moustiquaires aux fen tres de cet appartement au 11e  tage  ce qui rend cet appartement non s curitaire pour les familles avec enfants 
3033,notre s jour a  t  tr s agr able  l appartement est spacieux  joliment am nag  et confortable 
3097,superbe maison au calme tr s design et tr s confortable pour un s jour   seattle  a environ 30 minutes du centre ville tr s bien desservi  matt s est rendu tr s disponible   nous y reviendrons avec plaisir   merci matt
3431,liam est l h te id al  g n rosit   amabilit   flexibilit   disponibilit  et tr s respectueux sont les adjectifs que j utiliserais pour le d finir  la communication avec lui est tr s fluide et il procurera toujours vous faire sentir comme chez vous   la maison est plus que parfaite et vous pourriez profiter d un grand espace pendant votre s jour  le lit est extr mement confortable  en plus  les nuits sont calmes et id ales pour avoir une longue nuit de sommeil r parateur   la maison est juste   20 minutes du centre  dans un cartier tr s vert et parsem  de petites maisons en bois avec des jolis couleurs  le cartier est tr s calme et un endroit ou on s y sent vraiment en s curit     sans aucune doute  dans mon prochain s jour   seattle  j adorerais s journer   nouveau chez liam  
3441,liam a  t  un h te parfait  tr s flexible sur la venue et le d part  et surtout tr s sympathique  il nous a indiqu  les principaux int r ts de la ville et nous a m me pr t  une carte  la chambre  tait extr mement confortable  avec salle de bain priv e et acc s   la cuisine et au salon  le quartier  tait tr s calme    5 minutes du light rail   pied et d un supermarch   rien ne nous a manqu   nous sommes rest es seulement deux jours  mais je recommande pour n importe quelle dur e 
3748,logement bien plac  dans un quartier agr able 
3974,nous sommes extr mement satisfaits de notre s jour  d abord parce que ce qui  tait pr vu a  t  respect   une entr e ind pendante  une belle chambre avec un lit tr s confortable  salle de bains  cuisine avec grand frigo  buanderie disponible et le parking facile devant la maison  a 2 minutes   pied  restaurants  bars   commerces  facilit s pour le bus vers le downtown  un quartier vert  calme et tout pr s du lac   un regal et l accueil de chantel sympatique et souriant  enfin   conseiller absolument   de plus toute la documentation n cessaire pour notre s jour donc si on doit revenir  ce sera chez chantel 
4180,great communication  responded quickly to questions  
4977,la chambre se trouve au rez de chauss e de la maison  elle est super et le lit est tr s confortable  la salle de bain se trouve au m me  tage mais l etat de propret  et le pommeau de douche laisse s rieusement   desire  la salle du bain en haut est beaucoup plus propre  plus agr able  je n ai paw ete accueilli   mon arriv e mais j ai rencontr  fortuitement allesandro un soir  je suis parti sans dire au revoir     bien pour les gens qui s en foutent de rencontrer du monde donc un peu d  u dessus  on est aussi loin du centre ville  mais bon c est les states  il faut une voiture   cet endroit 
5029,nous n avons pas eu l h te au t l phone ni ne l avons vu pendant notre nuit   seattle  l endroit est tr s grand
5758,tr s bon accueil  en fran ais svp   appartement tr s correct dans un quartier proche de la ville par bus 
5981,great place  excellent location  
6197,cet appartement est parfait  il est aussi bien decor  que pratique et tout ca dans un quartier des plus agreables  a la fois preoche de tout et calme  le voisinage est adorable et surtout tr s safe   tracy est juste adorable  elle vous aide au possible et vous conseille   j allais voir des baleines en alaska et au nord de seattle  elle a tout fait pour que tout se passe au mieux pour moi  un grand merci    
7148,great place  excellent location  
7564,nous sommes un couple de quinquas ayant pass  trois nuits chez andrew et angela  l appartement est comme sur la photo  moderne et impeccable  le salon n a que deux fen tres soupirail donc il faut tout le temps la lumi re   andrew et angela habitent au dessus et sont extr mement disponibles  ils ont apport  ou achet  ce que nous demandions dans l heure  la kitchenette  tant   l  poque vide    le quartier est tr s agr able  calme et familial et on peut facilement s y garer  le bay front est   moins de 15 mn de voiture   consulter  website hidden  pour se garer en centre ville  il y a des tarifs int ressants le week end  
8102,studio tout   fait confortable parfaitement situ  en fonction de mes crit res   tout   fait calme et avec l essentiel de ce qui est n cessaire  m me s il n y avait pas de frigo   mon arriv e   mais meredith a rapidement pris en charge ce probl me et l a r solu de mani re tout   fait satisfaisante 
8230,lisa a  t  tr s accueillante   notre arriv   et m me avant celle ci en prenant le temps de converser par t l phone et r pondre   nos questions  son studio est situ  dans la partie inf rieure de la maison et elle vit au dessus  tr s propre  d cor  avec gout et fonctionnel  lisa nous avait pr vu une petite corbeille de nourriture boissons d licieuse 
8369,just as described clean quite easy and accessible 
9150,shawn nous a tr s bien accueilli chez lui  il a  t    notre disposition tout au long de notre s jour en cas de besoin  le quartier est super avec restaurants  bars  commerces   quelques m tres du logement 
9179,jim                         bus                           homemade       villahill queen anne   pine st bus         villahill                                     
9205,cette maison est s rement le lieu le plus agr able que j ai habit  avec airbnb  la cuisine est tr s compl te  le lit tr s confortable  la d coration  l gante et tout est pens  jusqu au moindre d tail  beaucoup de commerces  de restaurants et de caf s aux alentours    joe a r pondu rapidement et efficacement   mes demandes  je conseille chaudement l endroit et j y reviendrai s rement 
9343,excellent spot  excellent host 
9542,appartement agr able dans une tr s jolie maison proche de green lake   tr s bien  quip e pour notre famille   amy est tr s discr te et disponible en cas de besoin   logement correspond   l annonce  
9571,le logement est bien d crit  le quartier tr s r sidentiel et tranquille et shana toujours disponible pour r pondre aux questions
10162,suzi et jason ont  t  des h tes charmants  discrets et attentionn s  le quartier ne pr sente pas d int r t en lui m me  mais la proximit  imm diate d un arr t de bus permet de rejoindre l universit  en 10mn et le centre ville en 20mn  l appartement  tait confortable  la d coration de bon go t  a noter  et c est visible sur la photo  qu il n y a pas de gaz ou de plaque de cuisson  seulement un micro ondes  non visible sur la photo  
10190,quiet  cozy  clean  comfy spot   
10306,la maison de julie est tr s mignonne et chaleureuse  nous ne sommes rest  qu une nuit mais nous avons vraiment appr ci     julie est quelqu un de tr s agr able et gentille   
10318,excellent stay at julie s place  quiet and very clean house  we really enjoyed our stay   super s jour chez julie  maison calme et tr s propre  nous avons vraiment appr ci  ce s jour 
10455,great accommodation  excellent value  nice host  
11548,ce loft est incroyablement ben situ   surtout si vous souhaitez voir desmatchs des mariners   mes enfants ont ador s la d coration et le billard   c est certainement un des meilleurs rapports qualit  prix de seattle  petit inconv nient  il n est pas possible de faire la cuisine  mais ce qui doit  tre un inconv nient pour les fran ais seulement    mais notre h te a eu la gentillesse de nous acheter des petites p tisseries toutes faites et de quoi faire des gauffres  il y a toujours de la place pour garer sa voiture mais attention les jours de matchs les parkings sont tr s chers  nous avons pay  jusqu   45 dollars pour une pres midi de match international   vraiment un excellent choix  merci  
12349,parlez de votre s jour aux autres membres de la communaut  airbnb 
12792,nous avons pass  un agr able s jour dans l appartement de wendy   il est tr s propre et on s y sent bien  wendy et son mari nous ont fait un tr s bon accueil  par contre l insonorisation avec l  tage du dessus n est pas suffisante et nous esp rons ne pas les avoir trop d rang       
13360,jessica est une super h te et sa tree house est excellente pour se relaxer  le corps et l esprit au milieu des pins  la maison principale vous est grande ouverte  cuisine  salon  salle de bain  tout est parfait  en plein jet lag j ai  t  re u   diner  superbe barbecue avec des produits du jardin  il y a un vrai sens de la communaut  ici  souhaitant rester plus que les 2 nuits r serv es  jessica m a conseill  de rester chez son voisin josh  un h te aussi attentionn  et chaleureux  il y a un syst me de transport en commun pour se rendre dans le centre de seattle mais je n ai pas pu l essayer  ayant une voiture  sur ce point  aucun probl me pour se garer devant chez jessica   
15152,excellent host and excellent place 
15276,excellent choice  i recommend 
15463,notre hote   nous a fait sentir que nous  tions des invit s de marque   l appartement  tait tr s bine situ  pour des d placements   pied dans la ville 
15904,la maison est bien situ e  dans un quartier calme et proche des commerces  d une plage et d un  water taxi  pratique pour seattle   la chambre  tait grande  telle que d crite et montr e sur les photos  c est une chambre d enfant  un peu bruyante cependant  route  buanderie et  tage du dessus     leslie nous a bien accueillie  elle est disponible pour toutes questions  
16183,nous avons beaucoup appr ci  notre s jour dans l appartement de brian and nate  le quartier est tr s calme et proche du centre   nous avions   notre disposition le confort n cessaire et tous les renseignements pour psser un agr able s jour  nous recommandons cette location 
16272,l appartement de rose mary se trouve dans un quartier tranquille   1 2 heure   pied du centre ville  il est propre  agr able et bien tenu   la chambre confortable est au sous sol  les toilettes au rdc et la salle de bain partag e au 1er  nous recommandons ce pied   terre  qui plus est si vous avez une voiture car rose mary pr te un badge  guest  pour stationner en face de la maison  celle ci dispose d un jardin et d une terrasse agr able 
16847,appartement bien situ   s curitaire et tranquille   15 minutes   pied du seatle center et du pike place market  et surtout    deux pas d une  picerie tr s sympa whole food market  thank you mack   
17126,tr s belle chambre bien situ    seattle  notre h te robert a  t    la fois tr s accueillant et respectueux  beaucoup de bons restaurants a proximit   quartier tr s calme  je le recommande   tous 
17190,quel ravissement que cette jolie petite maison et ses h tes particuli rement accueillants et attentifs  tout  tait pr vu pour notre confort  nous nous sommes tout de suite sentis chez nous et avons particuli rement appr ci  de d jeuner et de d ner sur la petite terrasse bien am nag e  le quartier tr s agr able et calme est tr s bien situ  et permet un acc s rapide au centre ville  merci pour ces trois jours que nous n oublierons pas  
17209,excellent condition perfect location 
17352,endroit extra  les h tes sont g nial tout  tait parfait un grand merci 
17396, accueil tr s agr able   logement conforme   l annonce  appartement tr s propre et tr s bien  quip  avec pleins d attention de la part de julie   corbeille de fruit yaourt chocolat       tr s bon lit y compris le lit compl mentaire  acc s facile   seattle et supermarch    cot   bref un  tr s bon choix au calme  
17741,tr s bon accueil de heidi dans sa charmante maison  nous avons pass  une excellente nuit  heidi nous avait gentiment conseill  un super restaurant dans seattle  la chambre avec la salle de bain privative est parfaite   je conseille vivement son logement  le quartier et en plus tr s joli     merci heidi  
17759,heidi a  t  tr s accueillante et nous a tout de suite mis   l aise  elle nous a conseill  un tr s bon restaurant pour notre dernier soir   seattle  la chambre  tait tr s propre et toutes les commodit s  taient disponibles dans la salle de bain  la chambre est au rez de chauss e et les h tes vivent   l  tage  ils sont tr s silencieux  nous ne les avons pas entendus  
17847,tres belle maison avec une tr s belle chambre spacieuse 
18018,nous avons pass  un excellent moment chez jean  la chambre est tr s confortable et parfaitement ind pendante   petit plus  le lac washington   une centaine de m tres est splendide  
18356,am nagement tout r cent  propre  endroit vraiment tranquille    cuisine bien  quip e   transports publics et magasins   proximit  imm diate   le seul inconv nient est constitu  par la relative faible hauteur des chambres 
18791,l appartement  est propre  tr s bien localis   pour visiter  seattle et le stationnement  est facile l appartement est bien pour 2 personnes pas de coin salon nous ne pouvons rien dire sur nos h tes car nous n avons pas eu l occasion de faire leur connaissance  ils nois ont contact uniquement par message alors que nous  tions qu a quelques metres
21126,great place   quiet   convenient and cozy 
21425,clean quite place 
21644,great place  fantastic view quiet
22054,vraiment bien situ   super accueil  super sympathique  je le recommande   
22351,             louis                          louis           
22399,superbe maison   20 min   pied de downtown dans un quartier tr s agr able  louis et kevin sont des h tes tr s sympathiques qui font tout pour que le s jour se passe bien 
22433,nous avons  t  parfaitement re u par louis et kevin  la chambre  tait tr s confortable  la maison charmante et id alement situ e  nous recommandons chaleureusement ce logement     
23556,une tr s bonne adresse   pam est accueillante et le studio est agr able avec sa terrasse couverte  sa vue et le jardin    a grimpe raide pour y arriver mais c est un quartier tr s agr able avec des architectures de maisons fabuleuses  promenez vous dans les rues adjacentes  a vaut la peine   si vous r sidiez plus pr s du centre vous manqueriez  tout  a   chouettes restos tout proches  galement  un b mol   l isolation phonique   on entend tout ce qui se passe dans l appartement en dessus   merci   pam de sa gentillesse 
23620,nous avons pass  un excellent s jour   seattle  l appartement de pam est tr s agr able  tr s confortable et parfaitement  quip   nous nous sentions comme chez nous  nous avons aussi beaucoup aim  la grande terrasse et le jardin avec la vue sur la space needle  le quartier est calme et l appartement est bien situ   il est facile de stationner sa voiture dans la rue  mais la pente est raide   il y a un arr t de bus   proximit  pour rejoindre rapidement le centre ville  et on peut aller   pied au seattle center ou au kerry park qui sont proches  c  tait notre premi re visite   seattle  nous avons ador     
23902,flat out excellent 
24317,comfortable  quiet  great location  good value 
25830,beau studio  quartier anim  avec une bo te qui est mitoyenne donc les weekend c est bruyant  
26265,superbe maison proche de downtown  tr s propre  tr s confortable  organisation parfaite  a faire sans h siter 
26499,beautiful home  clean  quiet  excellent host  
26574,un superbe endroit o  l on peut s arr ter en s attendant   un accueil tr s sympathique et une h te qui discutera volontiers avec vous et vous donnera des conseils   voir vous emm nera   la d couverte de certains lieux de la ville    allez y  voir courrez y les yeux ferm s         
27466,mon  pouse et moi avons s journ  toute une semaine au spring steet center dans la chambre 3  nous avons  t  agr ablement surpris de l endroit  un coin paisible  un quartier s curitaire   quelques minutes du centre ville accessible   pied et par d autres moyens de transport en commun  de plus nous avons eu acc s   toutes les commodit s pour cuisiner et manger sur place dans une ambiance chaleureuse  nous avons appr ci   d s le d but  de rencontrer notre h te paul qui nous a donn  une multitude d informations d endroits   visiter  nous recommandons cet endroit sans h sitation   jacques  et louise 
27587,tr s bon s jour pass    capitol hill  le quartier est super  tr s anim    il est tr s facile d acc der au downtown  en bus 10min ou   pied 30min environ   l acc s   l appartement est tr s pratique avec le code  pas besoin de cl s  les murs sont tr s fins donc il vaut mieux pr voir les bouchons d oreilles la nuit  je recommande vraiment cet appartement  qui a beaucoup de cachet
27955,lauren nous a tr s bien accueillis  elle s est montr e disponible  on ne peut lui faire que des compliments  quartier d affaires  un peu mort le soir  le bruit de l interstate  tait pr vu  mais i y avait aussi des travaux qui commen aient t t le matin  c est dommage car l appartement  tr s bien d crit  nous convenait parfaitement  hors ces questions de bruit  nous sommes tr s satisfaits 
29185,la maison d eliza est situ e   l ouest du centre ville  que l on rejoint tr s facilement en 10mn par les bus 120 ou 125  l arr t est au croisement andover delridge    3 mn de la maison  maison et chambre tr s agr ables  avec le sentiment de vrai partage qui devrait toujours  tre la marque d airbnb  eliza a  t  une h te charmante  seattle est tr s diff rent d autres grandes villes am ricaines  la pr sence de l eau  partout  y  tant pour beaucoup  l universt  de washington  sur les hauteurs vaut vraiment le d tour d une visite  mais admirer la ville depuis kerry park au cr puscule fait partie de nos  great moments  aux  tats unis  encore merci   eliza   
29203,notre appartement  tait impeccable et charmant  lorsque nous sommes arriv s  tout  tait propre  bien rang   et nous avions suffisamment de serviettes d barbouillettes fournitures pour toute la semaine de notre s jour  de plus  l air climatis  dans les chambres est tr s efficace  nous avons profit    quelques reprises de la terrasse commune et du bbq  l appartement est tr s bien situ  dans seattle  dans le quartier de capitol hill o  se trouve de superbes parcs  librairies  caf s  bars  et o  il fait bon vivre  il  tait tr s facile de se rendre au centre ville et au pike place market   pied  de plus  les h tes sont tr s professionnels et disponibles  merci pour cet accueil et cette superbe exp rience 
29204,situe dans un quartier tres vivant le soir  bien mieux que downtown   a dix minutes a pieds du centre ville et 15 de pike market  l appartement est tres propre  avec tout le confort necessaire  shampoing  savon  serviettes de toilette  etc   il y a tout ce dont on a besoin dans la cuisine  un grand magasin est situe juste en face de l appartement    appartement tres agreable  c est un plaisir de rentrer a  la maison  apres un journee de visite   il y a une laverie collective dans l immeuble  1  la machine   le wi fi marche parfaitement 
29400,les h tes n  taient pas pr sents    l espace chambre est plus exigu que pr vu  il y a un lit pour b b   plus un lit d une personne   de plus  la chambre au dernier  tage est sous les toits et sans climatisation  enfin  lorsque la fen tre est ouverte nous avons un bruit omnipr sent de la highway situ e   proximit    cependant  la d coration est agr able et semble r cente   
30065,quiet  comfortable  and convenient  our go to place in seattle 
30225,logement spacieux  propre  amanda vous accueille chaleureusement avec des g teaux maison d licieux  accessibilit  du centre de seattle rapide  il faut prendre un bus a 5 minutes  
30261,entre l a roport et seattle  la maison de mike est situ e dans un havre de verdure  avec une vue magnifique sur l oc an et une tranquillit  exeptionnelle  la chambre est plus que spacieuse et le confort y est total  mike nous a donn  d excellents conseils que nous avons mis   profit pour la suite de notre voyage   a recommander sans r serve 
30370,bien situ  dans le quartier r sidentiel capitol hill  rue calme mais pas tr s loin de quelques commerces   appartement bien distinct  dans une grande maisons  avec entr e ind pendante  cuisine tr s bien  quip e  et des couchages pour 4 dans deux chambres s par es   les quelques rideaux aux fen tres sont un peu l gers pour disposer d une intimit  r elle  mais on s y fait   marshal est   notre disposition en cas de besoin  ce qui est bien pratique si on arrive tard comme moi  vers 22h 
31275,logement  tait bien d crit  nous nous attendions tout   fait   cela   le lit bien confortable  le petit balcon est bien sympathique  pas de bruit   quartier  est r sidentiel mais pas loin des commerces et des caf s etc   on se sent en s curit     a nous est arriv  de rentrer  femme  seule vers minuit  sans aucun soucis 
31299,4 jours tr s agr ables   seattle et particuli rement dans le quartier de capitol hill  la communication avec michael  tait au top et m a permis de facilement m organiser depuis la france puis le canada  l arriv e et l entr e dans la maison  furent donc tr s faciles  le coin chambre est tr s sympa  on s y sent vraiment   l aise  de la place pour les affaires et un rideau en tissu pour l intimit   aucun soucis  coin cuisine tr s pratique  toutes les commodit s sont l   et en plus leur maison est tr s bien plac e  au calme mais   100m de broadway  magasin qfc tr s bien        10    pied de pine et pike street pour sortir  concerts au neumo s     et le volunteer park est   2 pas  jolie vue sur seattle depuis la citerne d eau  fun    retour   l a roport de tacoma en 1h30  bus 49   link light train  easy    salutations   austin et leah que j ai crois   et merci   mike  brice
31788,meg et gary sont tr s aimables  ils ont accept  de nous recevoir moyennant paiement air b  b  dans leur maison familiale  de nous loger dans la chambre spacieuse de leur fille absente  parmi ses affaires  bien accueilis par meg   notre arriv e  nous n avons pas eu d  change au cours de notre s jour  il est facile d aller   seattle par le bus  c est une ville agr able avec de fabuleux mus es 
32226,nick et nicole nous ont bien inform  des d marches   faire pour se rendre au logement  l axc s et relativement simple   partir du tram rail il faut compter 600m   pied  l emplacement est correct et calme  l immeuble n est pas r cent et m me surprenant  la surface est bonne pour 3     il serait bien de rajouter une passoire pour les p tes et 1  ou 2 saladiers 
32955,nous n avons pas rencontr  gene mais l appartement correspond tout   fait   la description   aucun probl me pour y acc der  tr s propre et confortable   agr able apr s un long  tr s long voyage   il est par ailleurs tr s bien situ  en centre ville   facile d acc s depuis l a roport  tr s pr s de la gare  
32962,2  me s jour chez gene   gene a  t  tr s arrangeante sur internet pour nous faciliter le s jour  nous sommes tr s satisfaits   nouveau d avoir pu utiliser cette appartement   seattle  nous le recommandons pour sa situation g ographique  le confort et la tr s grande propret  des lieux et    la d coration  
33403,nous avons utilis  le compte airbnb de notre fille pour r server notre chambre chez connie et nous en sommes tr s contents    nous avons  t  tr s bien re us   connie est   la fois tr s pr venante et tr s discr te  la maison et le jardin sont tr s agr ables  avec une vue sur les montagnes de la p ninsule olympique  la chambre est petite mais jolie et le lit est particuli rement confortable  la salle de bain est spacieuse et tr s confortable    pas compl tement central si vous n avez pas de voiture  mais calme et tr s fleuri et facilement accessible en bus 
33554,tr s bonne prestation  tr s propre  tr s agr able   la chambre  la pi ce   vivre et la salle de bains spacieuse sont tr s bien    l accueil est tr s sympathique avec dans l appartement plein de petites attentions    il manquait un s che cheveu par exemple que tania a tout de suite achet     a recommander    un grand merci   tania pour sa gentillesse 
33707,accueil chaleureux nadine nous a fourni toutes les informations n cessaires   situation g ographique id ale pour d couvrir seattle   pied   caravane  airstream    parfaitement  quip e et tres confortable  un tr s agr able s jour  une adresse que nous recommandons sophie et yves 
34250,tr s chouette appartement  avec un emplacement de parking  facile d acc s  l utilisation de codes pour rentrer plut t que d une cl  est tr s pratique     l appartement  tait tr s propre  apparemment  il y aurait eu un changement de service de nettoyage depuis les derni res reviews  trois lits tr s confortables  et un salon avec deux fauteuils  de quoi loger pas mal de monde       un arr t de bus juste en face de la maison fait qu on peut se d placer assez facilement  seulement 10 minutes de bus   2 25  pour aller   pike place     on est juste   c t  de l autoroute donc on entend un peu les voitures  mais pas vraiment d rangeant si vous avez l habitude d habiter en ville     le seul point n gatif concerne les fen tres qui sont aussi vieilles que la maison et parfois ne s ouvrent pas  parfois ne se ferment pas  c est le cas dans l une des chambres   une fen tre est bloqu e et laisse une petite ouverture  ce qui risque de faire un peu baisser la temp rature en hiver 
34292,gavin    un appartement qui est parfait pour aller visiter la ville    pied       maximum une heure  du centre ville et de tout ce qu il  faut  voir   un vieil  difice  donc rien de droit et un peu de moisissure       c est normal vu l  ge  du b timent    la cuisine est  quip  pour un d jeuner  ou un d ner mais pas un grand repas gastronomique      pas de table pour manger donc la table du salon nous a servi de salle    d ner    merci gavin
34870,nous avons pass  un tr s agr able s jour   seattle chez brittany qui a un appartement vraiment agr able et id alement situ   en plein coeur de downtown    proximit  de tous les sites culturels de la ville   brittany a tr s bien organis  notre venue en nous donnant toutes les instructions n cessaires    encore merci pour cet accueil   elodie et yann  
35128,min est une personne tr s chaleureuse  il a  crit de nombreux mails pour nous informer comment arriver chez lui et afin de nous mettre   l aise  min est une personne r serv e et discr te et veut tout faire pour satisfaire le s jour des voyageurs  capitol hill est un quartier tr s int ressant  surtout pour diner le soir  les restaurants sont   5 minutes   pied de chez min  min nous a accompagn  pour nous guider et pour finir nous sommes rest s diner ensemble  c  tait tr s agr able  il veut absolument tout faire pour nous aider  son appartement est superbe  de tr s bon gout et impeccable  la chambre est grande et tr s joliment meubl   les photos ne mettent pas assez en valeur la qualit  de son appartement  min nous invite   partager notre journ e avec lui  tout en respectant l intimit  de chacun  il le fait avec beaucoup de discr tion  ne s impose pas  il veut vraiment faire au mieux  nous avons beaucoup appr ci  ces moments privil gi s  d s notre arriv e  il nous fait visiter la maison  nous propose un caf   min est un h te qui a envie de partager et qui est g n reux  nous avons beaucoup  t  touch s par sa gentillesse  seattle est tr s compliqu  pour se garer  min nous laisse une place de parking est s est vraiment tr s appr ciable  nous sommes descendus   pied jusqu   pike market 30 minutes  c est une belle trotte  mais il y a les transports en commun pour y aller et pour y revenir pour ceux qui h sitent  nous aimons ces quartiers un peu r sidentiels  calme et avec beaucoup de charme  nous le conseillons vraiment  c est un tr s bon compromis 
35230,tr s jolie et agr able appartement situ  dans un quartier attrayant et  email hidden is bruyant car proche de routes tr s d servies
35274,la maison de bryan est vivante et chaleureuse  la chambre est agr able et propre  nous avons  t  tr s bien accueillis par bryan et sa famille  
36053,nous avons  t  accueilli et chouchout  par melissa et abil comme rarement nous l avons  t    ce jour     la maison est tr s agr able et chaque pi ce est d cor e avec soin  avec son petit caract re  chaque d tail est soign   c est une ancienne maison avec son jardin  magnifiquement restaur e et aux belles finitions   petit d jeun  avec g teaux fait maison et petites attentions au quotidien qui font que l on se sent bien chez elles    la maison est facilement accessible par les transports en communs  3 lignes passent   proximit  et vous d posent   dowton  capitol hill est accessible   pied  15mn de balade   le quartier est r sidentiel et tr s tranquille    difficile de partir de chez elles      
36575,lovely view  quiet  comfortable 
36787,angel  tait tr s disponible pour r pondre aux questions  la chambre  tait agr able et propre  bon s jour
36889,ruth et marc sont tr s chaleureux accueillants le quartier est tr s  website hidden  chambre est l image de la description cosy avec tous le comfort  website hidden  maison est tr s bien situ e entre l aeroport et le centre de seattle avec un vue sur le m ont rainier et le lake washington  nous avons passer un tr s bon s jour gr ce au conseils de ruth et marc 
37016,comfortable apt in a quiet location 
37079,la chambre  tait propre  lumineuse et tr s agr able tout comme les parties communes   l acc s au centre ville est facile  galement via des bus et rapide   enfin  l h te  kevin  est tr s gentil  disponible et accueillant  tr s bon airbnb   
37200,nous avons  t  parfaitement bien accueillis par tiffany  qui a veill    ce que notre bref s jour   seattle se d roule pour le mieux  la chambre  tout   fait conforme   la photographie  est confortable  on y trouve m me guide touristique  plans et horaires des bus  encore merci   tiffany 
37422,appartement tr s chaleureux et d cor  avec beaucoup de go t  petit mot de bienvenue pos  sur la table  avec toutes les indications pratiques n cessaires pour le quartier 
37795,cet appartement est tr s bien situ   il est   10 minutes du centre ville en voiture 
38693,great place  excellent communication 
38714,super studio avec vue panoramique    proximit  de tout   un ascenseur et wifi  lauren adorable et tr s serviable  un s jour court mais extra  
38910,premi re exp rience avec airbnb  nous avons  t  enchant s   nous avons  t  accueilli tr s chaleureusement  bien que nous ayons averti au dernier moment de l heure denotre arriv e      l appartement  tr s cosy  correspondait tout   fait   notre attente   la localisation dans un endroit calme a  t  tr s appr ciable apr s une journ e pass e    visiter le centre ville   merci pour tout ron     christiane   france 
39097,tout simplement simple et tres genereux  merci rachel et jon
39109,b b agr able et bien plac   rapidement au centre en bus  et calme la nuit  rachel poss de de bonnes adresses  et parle le fran ais  en fonction de la saison  quelques fruits et l gumes offerts  ainsi que boissons chaudes  salle de bain commune au rez de style ann es 60  une maison pleine d authenticit    
39207,appartement propre et tout a fait adapt  pour un s jour en famille   4  quartier calme et agr able avec des facilit s pour se garer 
39563,excellent experience  
39934,l appartement est bien situ   la r sidence est s curis e  l appartement est lumineux  peu de bruits provenant de l ext rieur  mise   disposition de tout le n cessaire pour la cuisine 
40138,en arrivant   la crayola home j ai  t  directement accueilli par leah  g rante tr s sympathique de la maison  apr s un tour des lieux  j ai pu retrouver ma chambre dont la description correspond fid lement   la r alit    l ambiance dans la maison est agr able  et la mixit  culturelle donne lieu   des  changes tr s sympathiques  c est propre  confortable et tr s bien situ  pour aller en centre ville ou   uw   
40805,excellent and responsive 
40957,la maison est bien situ e pour rejoindre le centre ville de seattle et nous avons appr ci  avoir acc s   la cuisine et au lave linge  la chambre est spacieuse et correspond bien aux photos  luyao et tao ont  t  courtois et ont pu r pondre   nos questions  l accueil fut un peu compliqu  puisque nous n avions pas pu lire le message de luyao du jour m me nous indiquant qu ils seraient en retard 
41374,excellent experience all round 
41384,sandy a  t  une excellente h te  elle nous a merveilleusement bien accueilli    la maison est exactement comme d crite sur les photos  c est un endroit vraiment agr able  propre et confortable   et le quartier et tr s sympa avec de bon restaurants et c est tr s proche du centre de seattle en voiture   
42629,appartement conforme aux photos  bien desservi par les bus de seattle  attention  d coration tr s originale   
43061,nous sommes rest s une nuit chez doug  le quartier est tr s sympa et proche des transports en commun pour rejoindre le centre de seattle  doug est disponible et r pond   toutes les questions rapidement  la chambre est propre et doug met   disposition serviettes de toilette  le petit b mol est le manque d isolation de la fen tre qui laisse passer tous les bruits ext rieurs et le froid 
43421,tr s sympathique et plaisant endroit 
43641,nous avons ete tres bien recus  la chambre est tres bien situe et tres facilement accessible du centre et du space needle par deux bus directs  nous recommandons vivement cet endroit  merci 
43741,nous avons  t  tr s bien accueilli par nos h tes   seattle se situe   seulement 10 minutes en bus et l arr t de bus est vraiment devant la maison  tout  tait propre et calme  les lits  taient confortable  id al pour passer 3 jours a seattle  le gypsy wagon est petit mais suffisant pour 2 personnes et pour un petit s jour   merci beaucoup   nos h tes qui nous ont bien accueilli   nous reviendrons si nous sommes de passage   seattle  
43835,good environment nice price 
44205,je n ai pas eu la chance de voir beaucoup david mais l appartement est vraiment vraiment beau et confortable  mieux que sur les photos   par contre  si vous voyagez par transport en commun sachez que ce n est pas tout pr s du centre ville  il faut se coordonner avec les horaires ce qui m a sembl  contraignant 
44406,nous n avons pas rencontr  summer et son conjoint  mais ils demeurent dans une magnifique maison avec leurs trois chats  la chambre est spacieuse  le lit est extr mement confortable  et la localisation de la r sidence est super  durant nos cinq jours l  bas  nous avons tout fait   pied pratiquement  puis revenions le soir  les c tes de seattle   en autobus     nous recommandons sans h siter cette chambre   et cette ville magnifique 
44489,nice family place in queen anne 
44643,logement parfait  veritable cocon de s r nit  et de calme absolu aux portes de seattle  logement bien agenc  et fait avec gout  petits mots d accueil et explicatifs sur les protocoles du logement  terrasse tres agreable et vue parfaite  la rose en arrivant est un joli bienvenue  si nous devons revenir   seattle nous y retournerons  
44828,je n ai jamais vu mon h te  je ne connais pas jennifer pan  ce devait  tre simon mais c est isaac qui m a accueillie et je ne l ai plus jamais revu   logement propre et bien d crit  je n ai vu presque personne   part un couple  mais comme c est loin du centre j ai annul  le reste de mon s jour  j attends toujours le remboursement   
44880,l accueil de dominick a  t  tr s sympathique il nous a conseill  des quartiers   visiter  ainsi que des restaurants  tout  tait parfait
45205,denise a produit un accueil chaleureux et elle s est montr  serviable  impression de document  utilisation de ses machines   laver et s cher   elle a  galement fait un effort pour les petits d jeuners  qui n  tait  pas demand    en revanche la chambre propos e ne correspond pas   la photo  ci jointe  d une pi ce claire et lumineuse  elle se situait sous celle ci et  tait plut t triste et mal organis e  coin pour pr parer un petit en cas  manquant de verre  d assiette  un frigidaire d pourvu de toute  tag re   l int rieur  la salle de bain est tr s bien  j avais choisi sur la photo lumineuse  je n ai pu qu  tre d sappoint    la rue est agr able  avec beaucoup d arbres  un lac tout proche et un parking tr s facile 
45792,mon s jour s est tr s bien pass   j ai  t  tr s bien re u  beth est adorable  elle aime partager ces experiences  j avais l impression d  tre chez moi  je ne pouvais pas trouver mieux pour commencer mon s jour   seattle  je vous conseille vivement cet endroit  
45827,nice  clean  quiet place 
46190,accueil chaleureux   appartement tr s agr able tel qu il est d crit   bon quartier restos   proximit  
46816,miranda nous a accueilli avec  un immense sourire et beaucoup de gentillesse  l appartement  tait exactement ce que nous en attendions   bien situ    propre et suffisamment  quip  pour 2 personnes   super dans l ensemble 
47806,l appartement  tait conforme   la description  confortable et bien situ   nous avons appr ci  le parking  nous n avons pas rencontr  christine mais elle  tait toujours joignable et   notre  coute  l acc s   l appartement est un peu difficile en raison de l absence totale de signal tique dans l immeuble  le couchage du s jour est un peu bruyant 
48289,l appartement propos  est soign   chaleureux  moderne et tr s fonctionnel  la literie est tr s confortable et l environnement tr s calme   repos garanti    le quartier est commer ant et tr s s r  nuit et jour  dynamique   un magnifique starkucks   deux pas   les transports en commun  bus  navette a roport  sont   quelques minutes   pied et en 10 minutes  vous  tes sur la baie et le pike place market    l arriv e et le d part dans l appartement sont tr s faciles et tr s rapides  joel et andr  communiquent vite et bien afin que tout soit le plus facile et le plus efficace possible   c est un logement que nous recommandons sans r serve    
49579,        airbnb           nan             1 2                  fremont                            40                        
49598,nous  tions plus que bienvenue  nous avons  t  chouchout  avec un accueil personnalis  
49993,excellent stay 
50539,super    jean marc est agr able  l endroit est propre et il y a un super march  pas tr s loin de chez lui  quand m me pr s du centre ville  j ai pris une marche de 50 minutes et j y  website hidden  manquez pas pike market
50553,l appartement est agr able et calme  il poss de un petit jardin privatif  la maison est situ e dans un quartier r sidentiel tr s tranquille    une rue de la 45eme avenue ou se trouve un super march  ouvert 24h 24h  et de nombreux restaurants  le centre ville de seattle est atteignable en 20 minutes par bus direct  n 16  dont l arr t se trouve  galement sur la 45eme   l h te  matthew  est tr s agr able et discret  il nous a donn  de nombreux conseils sur la r gion et les activit s    
50640,une tr s bonne adresse    tr s facile d acc s depuis l a roport  a 30 minutes du centre ville en bus  le quartier es calme  a proximit  du parc de green lake  et les h tes sont disponible et discret   je le recommande vivement a tout veux qui souhaite visiter seattle en ayant un petit coin de paix    l airstream est chaud et  tonnement spacieux  tr s bien agencer avec tout ce qui es n cessaire   merci kevin et monica      et oui c est en fran ais  haha    
50670,tr s bon s jour dans cette airstream  elle est tr s bien am nag e et il y a tout ce qu il faut pour passer un agr able s jour  
50836,l h te  eula  a  t  d s la r servation tr s pr venante  elle a tout fait pour faciliter notre arriv e  notre avion arrivait bien avant l heure de check in  elle nous a quand m me laiss  les cl s afin que l on puisse d poser nos valises  tout au long de notre s jour  eula a eu pleins d attentions pour notre fille et pour nous  et elle nous a d pann    plusieurs reprises  en bref  elle a tout fait pour que notre s jour soit agr able  l appartement se trouve dans un quartier r sidentiel  calme    c t  d un supermarch  et des lignes de bus en direction de downtown   l appartement dispose d une terrasse super agr able pour prendre son caf  le matin et en face se trouve un playground pour enfants 
50966,logemet tres agreable  biere au frigo  tout ce qu il faut pour un premier breakfest  super bien equipe  quarier tres agreable et tres bien situe  ray nous a explique les lignes de bus  hote parfait
51923,nice convenient apartment in an excellent location 
53117,appartement meubl  vintage  on se croirait presque dans le seattle des ann es 1930  logement id alement situ  en hyper centre  pas mieux  
53318,cette maison est un v ritable havre de paix  la vue est  poustouflante  prendre son caf   face aux ferries  les  les et les montagnes  est un d lice  la maison a tout le confort  les ustensiles  et les produits de premi re n cessit   a notre arriv e  des p tisseries et une bouteille de vin  nous attendait  la maison est proche de tous commerces  et le centre ville est a    peine 20 minutes  bref  notre s jour    t  parfait  un grand merci   greg  et son  pouse 
53872,tr s accueillants   jorge et heather m ont fait sentir comme   la maison  ils sont tr s sympathiques et toujours pr ts   m aider pour le transport  etc  ils m ont m me emmen s avec eux   un brunch avec leurs amis  la maison est tr s sympathique et la chambre tr s confortable
54309,logement tout   fait convenable compte tenu du prix  facile d acc s et dans un quartier tout   fait plaisant  les principales attractions de seattle ne sont pas tr s  loign es m me   pied      excellent s jour  merci 
54412,une chambre  avec salle de bain priv e  vraiment confortable et propre  le quartier est calme   la ligne de bus num ro 2 vous am ne directement   downtown  attention  ne vous fiez pas aux horaires de passage  l attente peut  tre un peu longue  surtout pr voyez l appoint  c est 2 50    car aucune machine ou commerces aux alentours ne vendent de billets     c t  de la maison se trouve un caf  fort sympathique pour vos petits d jeuners  tougo coffee   avec un accueil chaleureux et un bien bel endroit moderne et agr able  maintenant  mon seul regret fut le peu de contact et d int r t port  par mes h tes  tout est fait pour limite n avoir aucune interaction avec eux  de l acc s   la maison sans cl   digicode   la chambre est au r ve de chauss  juste   l entr e  le fait que j ai bri vement discut  avec l h te 5min  j ai d  parcourir la maison pour le trouver car personne n  tait l  pour m accueillir  et surtout que je n ai eu aucun contact avec eux   mon d part  ce fut une r elle d ception   je choisis syst matiquement airbnb pour le c t  chaleureux et humain avec mes h tes  et l  je ne l ai pas retrouv   dommage 
55128,spacious  great location  quiet street 
56283,le logement correspond parfaitement   la description  andy fut un h te chaleureux et son accueil a  t  personnalis   il fut simple  rapide  pratique  le quartier est calme  agr able avec des restaurants de qualit    faible distance  la plage de madison park sur les bords du lac est un secret bien gard  et est accessible rapidement     ce s jour fut un vrai plaisir  
56491,ce logement est tr s propre  situ  dans un quartier calme et tr s sympathique  il est possible de stationner son v hicule dans la rue et plusieurs bus permettent de rejoindre le centre de seattle  qui est assez loin   pied   nous n avons pas eu la chance de croiser myriam mais elle nous a donn  toutes les informations pour faciliter notre voyage 
56578,nous avons  t  tr s bien re u  notre h te tr s serviable  je le recommande vivement  la localisation de l appartement est parfaite  pr s du centre ville et des quartiers anim s  vue splendide du 20   tage sur space needle 
56707,ma premi re exp rience airbnb est une d ception      l appartement  tait tel que le d crivait l annonce  bien situ   et la chambre parfaire  en revanche je ne me suis pas du tout senti bien accueilli et n ai pratiquement pas du tout communiqu  avec mon h te   pour moi cet h te ne fait que du business  uniquement  aucun  change m ayant permis d  tre   l aise  discuter de la ville  de ma visite au canada  m me pas un verre d eau ou un caf   l h tel est beaucoup plus convivial 
57412,la chambre est propre et offre une totale intimit   tout est bien organis  par jana pour que ce soit pratique et confortable    nous regrettons juste de ne pas l avoir rencontr   
57490,j ai  t  tr s bien accueillie  nick m a expliqu  ce que je pouvais trouver dans le quartier etc   la chambre est cosy et le lit un vrai nuage  tout est tr s propre    c  tait un plaisir de rester dans leur maison m me si je ne les ai pas beaucoup crois  
57733,quartier tr s sympa   elisa est adorable  nous sommes all es prendre un caf  ensemble et nous avons bien discut   c  tait tr s sympa  la chambre est grande et le lit tr s agr able  la cuisine de la colocation est plutot en bazar mais dispo si besoin  la salle de bain est partag e mais pas super propre  mais la chambre est calme et tr s bien situ  
57789,logement tr s bien situ  dans seattle et chambre confortable et joliement d cor e  aucun souci pour communiquer avec elisa sur les modalit s du s jour   la chambre est propre  les espaces communs un peu moins mais tout est   disposition pour passer un bon s jour dans cet espace cosy  
57892,logement tr s propre et tr s bien am nag   parfait pour notre groupe de 6  bien situ  par rapport au centre ville de seattle  dans un quartier calme  joseph et dana se sont montr s tr s accessibles et chaleureux  je recommande   
57947,logement agr able situ  dans un quartier calme pas tr s grand pour 5 personnes mais pour 2 nuits c  tait bien  les commerces et restaurants sont proches c est int ressant   
58623,positive experience
59880,le logement est tr s calme  tr s propre et tr s accueillant   tom est vraiment super sympa  je recommande 
60133,great host  excellent communication  beautiful luxury apartment complex  super convenient location  a   
60735,great  quiet and private room
60874,tr s bel appartement  tr s bien  quip  et tr s confortable  bien situ  dans le quartier de freemont   tr s bon accueil   tr s belle vue sur downton et le mont rainier 
61732,la chambre d angielena est parfaite  georgetown est un quartier tr s sympa  agr able a vivre et atypique    rien a redire  notre s jour fut tr s agr able et l accueil tr s chaleureux    
62018,marcell est un h te extr mement sympathique et accueillant  il est ainsi venu nous chercher en voiture   l arr t de bus pr s de chez lui le soir de notre arriv e afin de nous  viter de monter les grands escaliers  environ 300 marches    qui m nent   sa rue avec nos bagages  nous a offert une bouteille d un excellent vin rouge californien en guise de bienvenue  et nous a raccompagn s   l arr t de bus le jour de notre d part  bref  un h te parfait    quant au logement qu il nous a lou   il est spacieux  fonctionnel et confortable  il occupe tout le troisi me niveau de sa maison   dispose d une grande terrasse tr s agr able  et n est situ  qu   20 minutes environ du centre ville  10 minutes de marche   10 minutes de bus    en r sum   un h te et un logement cinq  toiles que nous recommandons chaudement      philippe
62367,j  tais ravi de passer une semaine et demie chez noel  la maison est bien situ e    proximit  des services qu on peut attendre de la ville  et tr s calme  noel est une personne particuli rement aimable et d vou e  qui consacre beaucoup d  nergie   faire de sa maison un lieu agr able  tout en laissant la distance qui apporte toute la tranquillit  d un s jour de vacances     un excellent choix pour un s jour   seattle           i was glad to spend one week and a half at noel s home  the house is well situated  near the services you can expect from the city  and very calm  noel is a very kind and helpful person in many ways  strongly dedicated to making her home a really nice place to stay at  yet leaving much space     an excellent choice to stay at seattle 
62606,nous avons  t  accueillis chaleureusement par andr   le building est facile   trouver et pour le parking c est juste en bas de l immeuble tr s pratique  ce airbnb est id alement situ   nous avons pu tout faire   pieds   je le recommande chaudement 
62613,excellent logement  spacieux  propre et tr s bien  quip   l immeuble est parfait  situ  pr s de pike et de pine  l id al pour d couvrir seattle     bonne surprise sur place   le rooftop de l immeuble qui offre un point de vue magnifique sur downtown     a ne pas rater    
62963,super  la situation excellente  le quartier sympa  facile d acc s au downtown de seattle  monika tr s sympathique et marrante  la cabine et la maison tr s agr able  lieu propre et la colcatrice tr s sympa aussi  j ai pass  un tr s bon s jour  doc sur seattle   disposition  explication tr s claire quant au fonctionnement de la maison  j y retournerai 
63161,un grand merci   prez et cherie pour leur accueil dans leur magnifique maison   seattle  ils ont  t  des h tes   l  coute et g n reux     en ce qui concerne la maison  elle  tait propre et tr s spacieuse  nous  tions 8 personnes   y habiter  avec de nombreuses chambres et salles de bains    je recommande   toutes les personnes cherchant   se loger   seattle  la maison de prez  qui est parfaitement situ e  et en plus de  a son accueil a vraiment  t  formidable et appr ci  de toute mon  quipe  encore merci  gr ce   eux j ai vraiment envie de revenir dans cette belle r gion des us  
63812,tr s joli appartement  spacieux et ensoleill   tout le n cessaire s y trouve sur place  je n ai pas crois  l h te  mais il est disponible par message sans soucis   je recommande  
64217,nous n avons pas rencontr  nilda mais elle a tout fait pour que notre arriv e soit facile   nous avons beaucoup appr ci  ce quartier tranquille et tr s accessible   beacon hill  tr s facile de se d placer dans le centre de portland    3 minutes de la station de link light rail   l appartement est superbe  d cor  avec soin et caract re  tr s propre et spacieux  gros bonus pour le jardin et la tr s belle terrasse avec vue  ils ne figurent pas sur les photos   cuisine spacieuse et salon cosy  en bref c  tait parfait  merci nilda  
64317,merveilleux s jour gr ce   hande   c est une h tesse attentionn e  qui a accept  de m attendre longtemps  l avion avait du retard et je ne suis arriv  qu   minuit   un grand verre d eau et des biscuits m attendaient dans la chambre  c est une attention que j ai bien appr ci e    la chambre  tait sommairement d crite sur le site  mais   l arriv e  j ai d couvert qu elle  tait magnifique avec une vue imprenable sur le space needle  attraction touristique majeure de seattle   l appartement de hande est tr s moderne et parfaitement tenu  il est clair  calme  au dernier  tage d un immeuble neuf de 6  tages   la salle de bain particuli re est propre et suffisamment grande   le quartier est tr s sympa et on y trouve tout ce qu il faut pour vivre  le centre ville est assez proche et bien desservi en transports en commun   merci hande pour tout le confort et votre sympathie 
64320,tr s bonne exp rience  quartier paisible juste a c t  du space needle et de l emp  h te tr s sympathique  qui vous fait toute confiance en vous donnant les clefs de chez elle  super s jour   
64401,nous avons pass  2 nuits chez sarah et yos wa  c  tait super      nous avions des cartes de seattle pour nous rep rer   un plan de bus  sarah as tout fait pour que nous puissions d couvrir au mieux la ville      la maison est grande est accueillante   propret  parfaite     
64818,accueil agr able dans un quartier tr s chic et proche de kerry park  ruth est charmante et discr te  chambre confortable  assez petite et un peu sombre  un bon endroit pour explorer seattle 
64914,nous avons du attendre un bon moment   sa porte  le mail avec les instructions a  t  post  dans la matin e du jour de notre arriv e   nous avons contact  farah avec un phone fran ais    son arriv e elle rigolait de la situation et ensuite il a fallu tout demander   le wifi  le linge de toilette   lit correct mais il faut soulever la porte  pour  fermer la porte un gond cass   
64924,l appartement de sunil  tait exactement ce que nous cherchions   grand et confortable  bien situ   beaucoup de choses sont faisables   pieds  et pour un prix raisonnable  de plus sunil a su  tre disponible pour nous aider   trouver nos marques  il nous a conseill  de bons restaurants dans les environs  au cours du s jour il a aussi v rifi  que tout allait bien pour nous  le plus hyper agr able   voir les hydravions d coller de lake union le matin en se reveillant    au final  n h sitez pas  cet appartement  sa localisation en ville  sa vue et les conseils de son propri taire en font   ce prix une tr s bonne affaire  
65045,lacey est une h te tr s agr able et vraiment accessible  la maison est sublime et tout le confort est la   le quartier est tr s calme 
65685,notre s jour chez david a  t  tr s agr able  l appartement est spacieux  moderne et propre  le quartier est assez calme et un caf  pas tr s loin est tr s sympa  plusieurs moyens pour vous rendre dans seattle dowtown dont le taxi boat qui donne une jolie vue de la ville  cependant il fait le dire que nous sommes pas au coeur de la ville ce qui peut  tre un point n gatif et  a on ne pouvait pas s en rendre compte  nous prenions uber pour rentrer le soir et nous en avions pour 14 16  la course  mais honn tement le soir nous avions la flemme de prendre les transports en commun  sinon david est tr s sympathique et encore une fois l appartement  tait tr s confortable 
66008,l appartement d amy est parfait  tr s calme  tr s bien situ   on s y sent imm diatement bien chez soi  les trois jours pass s chez amy ont  t  trois jours de vacances  de repos et de d couvertes  on peut tout faire   pied   partir de ce joli pied   terre  si je reviend   seattle  c est l  que je r siderai et je recommanderai ce lieu   merci amy    martine
66265,tr s bon accueil  nos h tes nous ont laiss  libres de faire ce que nous voulions  tenant   notre ind pendance pour que nous nous sentions   l aise  nous nous sentions comme chez nous   excellente loterie  chambre tr s propre  tout  tait tr s bien   en outre  le quartier de fauntleroy est tr s beau   adresse   recommander sans r serve   seattle 
66281,belle maison  superbe quartier  tr s calme  tr s agr able   c t  du puget soundet et d un grand parc    location vraiment conforme aux descriptions   sean et sa femme  taient tr s accueillants et nous ont bien conseill s et aid s pour nos visites 
66307,sean et sa famille ont  t  des h tes exceptionnels  sean a r pondu   toutes nos questions et il a pris le temps de nous accueillir   notre arriv e  nous  tions deux coll gues pour un voyage d affaires  mais cet endroit est aussi parfait pour un s jour en famille  les lits sont tr s confortables et l espace est suffisant  j ajouterais que le logement est tr s propre  le matin  nous montions   la cuisine pour le petit d jeuner et chaque fois nous  tions bien accueillis  le quartier est agr able et s curitaire  le parc tout pr s est magnifique  l acc s au bus est   quelques pas de la maison et permet de se rendre au centre ville directement  je recommande fortement ce logement 
66721,nous avons pass  un tr s bon s jour   seattle  du 9 au 14 mai  l appartement de rodrigo  tait parfait et exactement tel que d crit dans son annonce  propre  fonctionnel et facilement accessible    rodrigo a toujours  t  disponible pour r pondre   nos questions et  tait facilement joignable  le check in et le check out se sont tr s bien d roul s et rodrigo a  t  tr s accommodant avec nous     merci encore rodrigo et au plaisir   m lissa et  milie maude        
67106,nous avons pass  un tr s bon moment au studio  patti et benson sont des gens tr s charmants  le logement  correspond exactement   la description  le quartier est paisible avec de nombreux restaurants et magasins accessibles   pied  
67805,joli petit appartement  simple mais fonctionnel   ideal comme pieds   terre pour 2 personnes pour visiter seattle  l h tesse est accueillante et attentionn e   si l occasion se pr sente  nous reviendrons avec plaisir 
68259,notre s jour chez sara et carsten a vraiment  t  super sympa  le logement est tres agr able et spacieux  les lits tres confortables    nos h tes ont  t  tres chaleureux et disponibles  nous avons pass  de bon moments   discuter  partag  un verre et le fran ais de sara est tr s bon    emma a fait la joie de notre fils   nous recommandons leur logement qui est tres bien situ  avec le bus et des commerces   proximit  mais le calme et la verdure tout autour   nous recommandons sans hesiter leur logement et retournerons chez eux si nous devons retourner   seattle   
68624,surement notre meilleur s jour airbnb  chris et emma ont  t  de super h tes  tr s chaleureux et accueillants  leur appartement est tr s confortable  moderne et propre  la chambre est spacieuse juste   c t  de la salle de bain priv e  situ  dans un tr s chouette quartier nous avons pass  un super s jour  de plus chris   emma ont toujours la bonne adresse   vous conseiller  nous remercions chaleureusement chris et emma 
68990,max est un h te parfait  tr s bon communicant  chaleureux  plein de bon conseil et pr sent ce qu il faut   nous nous sommes vraiment bien senti chez lui et l emplacement de son appartement nous a permis de tout faire   pied 
70582,accueil tr s sympathique des h tes  petite maison tr s bien  quip e situ e dans un quartier calme avec beaucoup de verdure  non loin du centre ville et de son march    ne pas manquer  a recommander
71043,nous sommes rest s 7 nuits chez peggy  on a  t  bien re u  nous l avons seulement vu le soir de l arriv e car elle partait en voyage et ne revenait que le jour du d part  le logement est tr s bien situ  dans un quartier paisible  on s est senti en s curit   situ    seulement   deux blocs des bus qui vous emm nent en centre ville   sur california avenue     2 50    2 75  selon si c est l heure de pointe  et sont valables quelques heures et peu importe les autres bus que vous prendrez  autre option  une navette gratuite   ligne 775   est disponible 2 blocs au nord au niveau de la station essence   pour rejoindre le ferry   water taxi   comptez 4 50  par trajet   qui rejoind le downtown  dur e   35 45min  le logement  en lui m me  est conforme   la description  notez que la chambre est petite et la propret  n  tait pas irr prochable  mais   ce prix l   on ne peut que le recommander  nous avons tenus 7 jours sans difficult s  
71446,betty et son fils nous ont accueillis avec beaucoup de naturel  comme si nous  tions chez nous  toutes les informations pratiques  wifi  cl   accessibilit   sont donn es clairement dans la description du logement  ce qui rend les choses plus faciles  nous avons eu acc s   la chambre situ e au rez de chauss e ainsi qu   la salle de bain et au salon attenants  la chambre de son fils se trouve  galement   ce niveau  un autre couple logeait   l  tage o  se trouve  galement la cuisine  nous avons appr ci  les petits d jeuners de betty et les conversations matinales avec elle ainsi qu avec l autre couple    la maison est situ e dans un endroit tr s accessible en bus  il est facile de s y rendre depuis l a roport ou bien la gare ferroviaire  le  centre ville est  galement tr s proche en transport en commun  ligne e   le quartier est extr mement calme et s r  c est un quartier pavillonnaire proche du green lake o  l on trouve des restaurants et des commerces  env  5 min   pied   le trajet en bus jusqu au centre ville donne une magnifique vue du union lake depuis le pont qui le traverse   en somme  nous avons appr ci  cette adresse et son h te qui ont rendu notre s jour   seattle des plus agr ables  
72129,christine  tait sur place   notre arriv e pour nous accueillir  nous aider gentiment   monter nos bagages au 2e  tage  pas d ascenseur  et r pondre   nos questions  un concierge est aussi sur place pour aider au besoin  malgr  son aspect vieillot  l appartement  tait impeccable  pratique  le lit de la chambre  tait  norme et tr s confo  le divan lit ferme mais confo aussi  2 tvs  grande  picerie ouverte 24h en face  dans le coeur d un quartier  alternatif  de seattle  restos et bars abondent dans les alentours alors nous avons peu cuisin    les gens de cette ville sont passionn s et enthousiastes  en anglais  loud     ce qui se traduit par des niveaux sonores  lev s  nuit et jour  si vous voulez dormir la nuit  n oubliez surtout pas vos bouchons d oreilles  les vendredi et samedi soirs  nous avons eu droit   des cris  voire hurlements   aboiements  percussions  klaxons  musique vrombrissantes de voitures attendant aux feux de circulation et d marrant sur les capeaux de roues  et ce jusqu   4h du mat    nous avons tout de m me aim  notre s jour  le prix raisonnable de l appart par rapport aux h tels et le fait qu en 15 min de marche on  tait au centre ville  je le recommande aux jeunes gens venus appr cier la vie nocturne mais pas aux familles avec enfants ni aux personnes  g es ou avec le sommeil l ger 
72724,nous avons pass  2 jours fantastiques chez anne  nous  tions   l  tage  chambres confortables et ravissantes et salle de bains pour nous  anne nous a laiss  l acc s   la cuisine  salon et salle  manger  nous avons pu d ner sur sa terrasse  au dessus d un joli jardin avec vue sur le mont rainier   anne est adorable  gentille  serviable  elle nous avait achet  des croissants pour notre petit d jeuner   elle avait invit  des amis le vendredi soir et nous avons pu discuter et  changer avec ceux ci  nous avons ainsi pu rencontrer des  locaux  de seattle tr s sympathiques et garder des contacts  nous avons partag s de tr s bons moments avec eux et notre h tesse  s jour super et nous recommandons cette adresse  nous reviendrons chez ann lors d un prochain s jour   merci   ann
72924,le logement correspond bien   la description  nous  tions proche du centre ville en bus  alberto est sympathique et accueillant   le matelas n est pas tr s confortable et en effet  cela pourrait  tre plus propre  mais pour 40    seattle c est un bon rapport qualit  prix 
72935,alberto nous a tr s bien accueilli  facile   joindre via l application avant pendant notre s jour  son appartement est bien situ   calme    quip  comme d crit dans l annonce  propre  nous avons appr ci  notre s jour   seattle et la gentillesse d alberto 
73176,le logement  tait conforme a la description donn e  les explications de jenn sont tr s claires  il n y a pas probl me pour acc der et utiliser l appartement malgr  le fait que nous  communiquons  par mail et que nous ne nous voyons pas   l emplacement est tr s pratique pour visiter la ville      
73403,nous avons pass  un s jour tr s agr able  patricia est d une gentillesse incroyable  pr te   tout pour rendre service  le logement est parfait  compl tement ind pendant avec un petit salon mis   disposition  il y avait m me de quoi d jeuner  une adresse   recommander chaudement  encore un grand merci   patricia pour ce superbe s jour 
73950,aaron poss de une charmante maison   proximit  du centre de seattle  nous avons  t  tr s bien accueilli par sa fille et lui m me  la chambre et la salle de bain est   la hauteur de l annonce pr sent e  je vous recommande donc cette chambre sans h sitation  aaron a eu la gentillesse de nous pr ter un pass qui nous a permis de d ner dans le space needle tout en b n ficiant de 50  de r duction sur l addition      un grand merci   lui pour cette magnifique soir e qui restera dans nos m moires   
74090,excellent location
74264,un appartement meubl  avec gout  tr s fonctionnel et bien situ     des hotes acceuillants  attentionn s sans etre envahissants   
74391,tres bon accueil   emplacement parfait fremont est un emplacement id al pour seattle calme   tr s belle vue   plein de restaurant  et bar sympa    website hidden  petite maison est parfaite tout ce que vous avez besoin est   dispo   merci ann pour votre accueil  seattle est une ville tr s int ressante   visiter ainsi que ses alentours  
74398,logement tr s agr able   literie excellente   quipement suffisant  wifi  performant   lieu calme et bien situ  pour rejoindre down town   je recommande ce airbnb 
74557,the place to stay in seattle    j ai pass  un excellent s jour chez abil et melissa  la chambre est superbe  tout est d cor  avec d licatesse et finesse  le moindre d tail a son importance  le lit est tr s confortable  id al pour dormir profond ment  la maison est un havre de paix en rentrant d une longue journ e de travail ou d excursion  et le petit d jeuner  que dire  des muffins aux myrtilles tout droit sorti du four  un vrai r gal     abil et m lissa sont charmantes et super accueillantes  elles adorent leur ville et seront les meilleurs guide pour vous indiquer des balades  des restaurants  des shows  et pour couronner le tout  vous  tes au coeur de la ville   bref  ne cherchez pas plus loin pour vous loger 
74951,nous avions la chambre situ e au 1er  tage au dessus du salon de coiffure quartier tr s calme et proche du centre en voiture  15 minutes   peine   la chambre et la salle de bain sont propres et agr ables  thank you very much   
75250,tr s chouette petite maison dans un quartier tr s sympa et tr s vivant  le centre ville est largement accessible   pied donc pour de chute parfait pour quelques jours   seattle  la maison ne manque de rien  l accueil est tr s soign  et tout est fait pour que l on se sente a l aise et en toute simplicit   a recommander vivement  
75406,vue extraordinaire sur seattle et sur le lac washington  maison agr able  donn  pour 10 mais 7 vrais couchages et des matelas gonflables pour les 3 autres   
75691,tr s agr able maison dans un super quartier   liza est sympathique  tout comme la plupart des habitants de seattle  toujours pr ts   blaguer ou   aider les visiteurs un peu perdus  je garde un excellent souvenir de mon s jour   
76267,nous avons beaucoup appr ci  notre s jour   spring street  la chambre est tr s spacieuse  confortable avec acc s   la cuisine et   la buanderie  bien situ e par rapport aux transports en commun et aux commerces  dans un quartier calme    cette maison respire la s r nit   la qui tude  on s y sent bien d s l arriv e   paul nous a accueilli avec beaucoup de chaleur et de gentillesse  r pondant tr s rapidement aux renseignements qu on lui demandait
76394,chambre tr s bien situ e dans capitol hill  propre  bonne connexion wi fi  lillian est d une gentillesse  tr s disponible  very good location in cap hill  clean  and good wi fi connection  lillian is so kind  she take care of her guests  je recommande cet endroit 
76400,lillian est une excellente h te  elle peut prendre le temps de r pondre   vos questions sur la ville et elle est sympathique et tr s discr te  la chambre est d une belle grandeur pour un voyageur seul et tr s propre  son appartement est parfaitement bien situ  dans le quartier capitoll hill  pr s des rues commerciales mais assez loin pour y  tre tranquille  j ai vraiment appr ci  y rester durant mon voyage de 10 jours   seattle             lilian was an excellent host  she is open to answers questions about the city or chat with you if you want and she s very discreet too  the room is large and the appartement is kept very clean  her apartment is perfectly located in the neighborhood capitoll hill  near commercial street but far enough to be quiet  i really enjoyed my stay there during my 10 days trip 
76513,great quiet comfortable space 
76518,tr s jolie maison dans un quartier fort agr able   tr s vert  jee et david ont  t s adorables et nous ont acceuillis formidablement   tout  tait parfait  lits confortables   cuisne et salle de bain spacieux  d coration de bon gout et un jardin agr able   nous y avons pass  tr s bon sejour  a recommander  
77457,liste d instruction d taill e pour prendre possession des lieux  l appartement est tr s propre  wi fi  tv cabl e  cuisine  quip e  le lit est tr s confortable  places de parking disponibles 
77746,accueil tr s sympa   chambre propre et exactement comme le descriptif  de plus il y a un endroit pour garer sa voiture  il a deux jolie petite fille tr s gentille qui nous ont m me proposer de regarder la t l vision avec eux 
77767,chambre propre    l  tage  o  se trouvent 4 chambres  airbnb  et la salle de bain commune  cette derni re est propre  galement   possibilit  d utiliser la cuisine et le frigo    changes limit s avec la famille d origine chinoise  notamment du fait de la barri re de la langue  pas d accueil r el  je ne sais toujours pas qui est jennifer 
77790,l accueil de claire    t  chaleureux  la chambre  tait tr s propre et confortable pour ces cinq jours  la maison de claire est tres proche des arr t de bus et les commerces  starbucks et restaurants accessible   pied en 10min   nous avons aim  partager la maison de notre h te 
78941,super endroit  super quartier  en plein c ur de l universit  de washington  superbe maison  nous avons  t  tr s bien accueillis par ethan qui nous a aid  et nous a conseill  pour notre tour de ville  je recommande sans h sitation 
79120,  une h te accueillante  un appartement confortable et tr s bien situ   de plus  de belles oeuvres d art sur tous les murs du lieu  c est rare et tr s agr able    very welcoming host  very well located and confortable appartment  bonus   great art works in every room  that s rare and precious   
79191,l appartement est situ  dans un quartier tr s calme qui est proche du centre ville  nous avons beaucoup appr ci  le petit patio   l ext rieur pour prendre le petit d jeuner   le caf  et le th   tait fourni  et merci   julie pour sa discr tion et son aide  
79221,l appartement est dans le sous sol de la maison et exactement d crit dans la liste   le propri taire julie  tait utile et a respect  mon d sir de se reposer sans interruption 
79250,good stay  quiet place 
79437,tr s bon logement  tout   fait conforme   la description   la chambre est spacieuse et comprend une grande penderie  la salle de bain est parfaite et la cuisine  quip e de tout ce dont vous pourriez avoir besoin   david et amelia nous ont bien accueilli et  taient toujours disponibles pour toutes demandes   le quartier est   la fois tr s calme et tr s bien situ   transports   proximit  tout comme un grand nombre de restaurants et bars o  on peut aller   pied   tr s gros avantage  david et amelia nous ont fourni un guide  qu ils ont eux m me cr e  rassemblant quasiment toutes les informations utiles sur le quartier  notamment comment se rendre chez eux depuis l a roport  avec une bonne s lection de lieux pour manger ou boire un verre   nous recommandons   
80213,la chambre est tr s propre  c est appr ciable  c est exactement la photo et le petit escalier am ne sur une petite mezzanine o  il y a un lit double avec une petite hauteur sous plafond  il n y a pas de fen tre mais un petit skyd me  a noter que la cuisine  les toilettes et la salle d eau sont des parties communes  le wifi fonctionne tr s bien  j ai pu croiser dirk et jaq qui sont tr s aimable  la chambre est tr s proche des transports en commun  on peut rejoindre le centre du downtown a pied en 15 minutes aussi  id al pour un petit s jour   seattle
81354, j ai appr ci  la d coration de la chambre tr s  pur e  deux lignes de bus en direction de downtown au coin de la rue  je recommanderai sans h siter ce airbnb  
81544,un h te extr mement gentil et pr venant  n h sitant pas   nous faire visiter sa ville  un lieu que nous recommandons chaudement
81733,bien  le studio est situ  dans un charmant quartier    proximit  des arr ts autobus  cela prend moins de 10 min pour se rendre au centre ville  l endroit est propre et vous avez votre intimit  gr ce   l entr e ind pendante 
82578,chambre propre et fid le   la description   bus   5 minutes de marche 
83102,it a great appartment with a very good location  there is lot of space for 2 peoples and the bed is very confortable  laren received us at 11 pm and give us all info about the appartement  we spent 7 days their and that was great   super appartement avec tout ce qu il faut  tr s bien situ  pour visiter seattle  le lit est tr s confortable et les voisins tr s tranquilles  laren est disponible et r pond toujours   nos questions  nous y avons s journ  pour une p riode de 7 jours et ce f t fantastique 
83191,maison agr able  tr s proche d un moyen de locomotion  facilite pour garer la voiture  la chambre priv e est tr s agr able  grande  bien d cor e  et enfin notre h te a fait tout ce qui  tait possible pour que notre s jour soit r ussie  petites attentions pour le petit  d jeuner 
83944,petite perle   seattle  ce logement nous a s duit aussi bien de part sa situation que l accueil g n reux de nos h tes   rez de villa spacieux  tr s propre  en pleine nature avec un superbe jardin  excellente situation  quartier tr s paisible   nos h tes ont  t  tr s pr venants sans  tre envahissants et plein de bons conseils que nous avons suivi  si nous avons la chance de pouvoir retourner   seattle  la question du logement est r gl e   
83978,super easy   positive experience  
