288,sehr gut
386,sean und seine frau clara sind sehr freundliche  aufmerksame und hilfsbereite gastgeber  sie bringen ihren g sten gro es vertrauen entgegen  schlafzimmer und badezimmer waren gepflegt und gro z gig  als mitbenutzer der k che und des wohnzimmers f hlten wir uns willkommen  sean ist so freundlich  mein fahrrad in seiner garage aufzubewahren  solange ich durch kanada reise  ich kann diese gastgeber nur weiter empfehlen  uwe gerischer
404,es war wundervoll bei sean und seiner familie  das zimmer ist perfekt von der gr  e und wir haben uns sehr willkommen gef hlt  es waren zwei sehr sch ne tage und wir h tten gern noch mehr zeit gehabt  wir konnten die k che und das wohnzimmer mitnutzen  alles ist sehr ger umig  hell und freundlich  mit dem bus kommt man gut in die stadt  das haus ist ruhig gelegen  so dass man gut schlafen kann   es wird sogar ein kleines fr hst ck mit kaffee oder tee geboten  was man sich selbst zurecht machen kann  sean und seine frau sind sehr freundlich und offen  gespr che kommen leicht zustande  ich kann also diese  bernachtung nur empfehlen   f r auto reisende ist ein parkplatz direkt vor der t r 
458,sean  carla   sohn waren wirklich ganz tolle gastgeber  es waren unsere ersten zwei n chte mit einer buchung via airbnb und wir sind so zufrieden gewesen  dass wir gerne wiederkommen m chten oder auch noch anderer gastgeber und st dte dadurch kennenlernen m chten  wir haben vor unserer anreise mehrmals per email miteinander geschrieben und nach unserer landung in seattle  hatten wir direkt den kontakt um zu erfahren  dass wir fr her als geplant anreisen konnten  uns wurde dann der schl ssel  bergeben  das zimmer und badzimmer gezeigt sowie alle bereiche im hause gezeigt  die wir mitbenutzen durften  
1786,die unterkunft ist so wie beschrieben und die hosts sind sehr freundlich und hilfsbereit  ich pers nlich fand es ein wenig k hl v a  im badezimmer  hatten au en um die 7 c   da es nur kleine heizungen gibt  die  ber strom betrieben werden und die decken sehr hoch sind    die lage ist so  dass man die sehensw rdigkeiten zu fu  oder  ber die nahe ubahnstation leicht erreichen kann  wir fanden die stadt allerdings nicht soo  berzeugend  es gibt zwar viele kunstwerk etc  aber sehr viele verwahrloste menschen und ein geruch von f kalien etc  in den stra en   
1884,wir haben dirk and jaq nicht pers nlich getroffen  aber das war kein problem  der schl ssel war hinterlegt und alles lief reibungslos  die wohnung ist zentral gelegen  sauber und v llig ausreichend  um seattle zu erkunden  danke f r den aufenthalt 
1986,der aufenthalt bei dirk und jaq war wunderbar  es ist alles perfekt organisiert  sauber  gem tlich und freundlich  die location ist perfekt im zentrum gelegen und schnell vom bahnhof erreichbar  ideal f r einen st dtetripp in seattle  vielen dank f r die gastfreundschaft 
2227,joe s apartment ist sehr wohnlich und sauber  zudem hatte ich noch nie so viel platz und privatsph re  joe und seine familie ist wirklich sehr nett und hilfsbereit   ich w rde die wohnung jeder zeit wieder buchen  
2543,andrea ist eine ausgezeichnete gastgeberin  sie hat uns mit allen wichtigen informationen versorgt  die kommunikation w hrend unseres aufenthalt hat funktioniert   das appartement ist sehr sch n gelegen   beraus sauber  komplett ausgestattet und bot ausreichend platz f r 4 personen  2 erwachsene   2 kinder  parkm glichkeiten vor dem haus waren jederzeit vorhanden  wir w rden es jederzeit wieder w hlen 
3042,ein tolles haus in einer tollen ruhigen lage  leider waren wir nur f r eine nacht dort  w ren gerne l nger geblieben  weil wir uns gleich wohlgef hlt haben  es war alles vorhanden was wir brauchten  gerne wieder 
3134,wir haben zu f nft das komfortable haus mitten im sch nen queen anne bezirk gemietet und waren begeistert  es ist mit allem ausgestattet  vom n tzlichen  wie alle k chenger te oder waschmaschine bishin zu extras wie kamin  zwei b der plus g stetoilette oder einem supersch nen grossen holzesstisch  es hat uns an nichts gemangelt  was wir vermisst h tten  es war sauber  modern eingerichtet und f r unsere ausfl ge ideal gelegen  becky hat zus tzlich eine hausmappe mit allerlei n tzlichen informationen zu autostrecken  aussichtspunkten  restaurants  caf s etc  zusammengestellt  wir haben uns sofort gut aufgehoben gef hlt und empfehlen sehr gern jedem dieses wundersch ne haus weiter  denn auch bei nicht so un blichen regentagen in seattle bietet das haus gen gend freiraum zum relaxen und   wohnen  
3612,brittany war eine sehr freundliche  herzliche und offene gastgeberin  gleich nachdem wir ankamen  lud sie uns zu salat und getr nken ein  au erdem gab sie uns tipps und empfehlungen f r restaurants  bars und einkaufsm glichkeiten in der nachbarschaft  das haus liegt im  brigen in einer sehr h bschen  jungen  sauberen und sicheren nachbarschaft  wir hatten keinerlei bedenken  uns auch abends dort zu bewegen  das zimmer war f r zwei personen und lediglich zur  bernachtung vollkommen ausreichend  au erdem hatten wir unser eigenes badezimmer und einen separaten verschlie baren eingang  ber die terrasse  die wir auch au erdem nutzen konnten  insgesamt kann ich den aufenthalt bei brittany nur empfehlen 
3883,wir sind dankbar  dass wir eine wundersch ne ferienwoche in kevins sch nem  gepflegtem und vollst ndig ausgestatteten haus in sehr ruhiger und sicherer umgebung verbringen durften  bei dem f r seattle ungew hnlich hei em wetter haben wir besonders den aufenthalt  in dem gepflegten garten inmitten der vielen wundersch n bl henden blumen genossen  f r besichtigungen ist die innenstadt gut und schnell mit dem schnellbus zu erreichen  wir haben eine rundum sch ne woche in sehr angenehmer umgebung verbracht  danke kevin  jederzeit wieder 
3890,der bungalow von kevin bietet alle annehmlichkeiten die man ben tigt und entsprach genau der beschreibung  wir haben zu dritt darin vier n chte darin verbracht und uns sehr wohl gef hlt  die unterkunft verf gt neben 2 schlafzimmern  bad und wohnzimmer  ber eine voll ausgestattete k che die benutzt werden kann   das ist sehr praktisch  der garten ist sehr h bsch und gepflegt und die nachbarschaft sehr ruhig  es gibt mehrere b ckereien und  fr hst cks  restaurants die man unbedingt besuchen sollte  f r manche mag die entfernung zum stadtzentrum von seattle etwas  zu sein  etwa 20 min fahrtzeit bis zum seattle center   dies stellte f r uns aber kein problem da  von der haupstrasse aus fahren regelm ssig busse in das zentrum und andere stadteile  unser gesamterlebnis war grossartig 
4367,unser aufenthalt bei margaret war rundum perfekt  sie hat uns von beginn an sehr herzlich aufgenommen  sodass wir uns trotz des kurzen aufenthalts  wie zu hause  gef hlt haben  das haus  zimmer und bad sind genauso wie auf den fotos sehr gem tlich  sauber und sch n  auch das fr hst ck war sehr gut  mit  ffentlichen verkehrsmitteln  mehrere buslinien fahren in diesen stadtteil  ist das haus sehr leicht und in etwa 20 30 minuten von downtown aus zu erreichen  wir w rden diese unterkunft auf alle f lle weiterempfehlen und wenn wir wieder nach seattle reisen ohne zu z gern wieder margarets zimmer buchen 
4972,super gastgeber   kommunikation und organisation hat trotz der kurzfristigen buchung  1 tag vor ankunft  super funktioniert  das haus ist gro artig 
5167,die kleine keller wohnung bei emily ist sehr gem tlich  sie hat alles  was man braucht und auch die gr  e ist optimal  die gastgeber haben sich sehr um uns bem ht und waren immer ansprechbar und hilfsbereit  alles sehr  sehr nett 
5256,wir haben uns sehr wohl und willkommen gef hlt  yissie ist herzlich  toll und hat alles daf r getan  dass wir uns wohl gef hlt haben  sowohl downtown  als auch der flughafen sind sehr gut zu erreichen mit  ffentlichen verkehrsmitteln  das haus und zimmer ist sauber und ordentlich  yissie hat uns viele tolle tipps gegeben f r seattle 
5447,der name ist programm  nach 10 stunden flug von frankfurt sind wir bei nick tats chlich mittendrin in seattle gelandet  es gibt so viel zu sehen und zu erleben direkt vor der haust r  dieses gem tliche studio war f r uns ein ideales refugium in der stadt  danke nick  wir kommen sehr gern wieder 
5615,unsere gastgeberin war super  alles hat geklappt  wohnung sauber und toll eingerichtet  bettsofa eignet sich nur bedingt f r 2 personen  seattle kann man von dort problemlos zu fuss erkunden  
5722,micah war leider bei unserem aufenthalt nicht zu hause  so hatten wir das ganze haus f r uns  das haus war sehr sauber  es liegt etwas ausserhalb des zentrums  mit dem bus f hrt man eine gute viertelstunde in die city  2 75  pro person  kein wechselgeld    ein pluspunkt war  dass wir die waschmaschine und den trockner benutzen durften  wir w rden wieder hier  bernachten 
5725,leider haben wir christopher nicht pers nlich kennengelernt  die wohnung hat uns ein bekannter gezeigt  die kommunikation hat jedoch gut funktioniert und die wohnung war super   die wichtigsten sehensw rdigkeiten sind alle zu fuss erreichbar  10 min zur pine pike street   wir w rden diese unterkunft sofort wieder buchen und haben uns rundum wohl gef hlt 
6144,francesco ist ein sehr zuvorkommender gastgeber  der uns freundlich empfangen hatte   das haus liegt 20 meter vom alki beach entfernt und ist bequem und ansprechend eingerichtet  die zwei schlafzimmer sind ger umig und haben sehr bequeme betten   die k che ist zweckm  ig eingerichtet   sie k nnte mit ein paar utensilien erg nzt werden   ungew hnlich  jedoch auch so beschrieben  wird kein kabelfernsehen angeboten  
7422,es war ein sehr nettes erlebnis  das h uschen im garten war charmant  es tat gut nach dem trubel in seattle im ruhigen garten zu sitzen  das zimmer war sauber  im k hlschrank fand sich orangensaft und milch  es gab muffins und kaffee  wir f hlten uns sehr gut aufgehoben  die jungen gastgeber waren sehr freundlich und es fand sich ein liebevoll aufbereitetes g stebuch mit n tzlichen tips  empfehlenswert  
7433,wir haben uns sogleich mit dem kleinen h uschen angefreundet und 2 n chte gut geschlafen  samantha und ihr mann waren sehr freundlich und zuvorkommend  sie haben uns auch wertvolle hilfe und tipps f r den aufenthalt in seattle gegeben  k nnen wir bestens weiterempfehlen    helen   theodor riedmann  
7687,die wohnung war sehr sch n  sehr nett eingerichtet und mit allem ausgestattet was man in einem apartment nur erwarten kann  dar ber hinaus standen getr nke und snacks zur verf gung  die nachbarschaft hat uns au erordentlich gut gefallen  nette lokale und direkt am strand von madison park am lake washington  die gastgeber selber versorgten uns mit guten tipps bez glich sightseeing in seattle und taten alles um uns willkommen zu f hlen  wir k nnen die wohnung nur w rmstens empfehlen 
8072,dan s kleine wohnung in seattle war sehr sch n  eine bessere unterkunft h tte man nicht finden k nnen  es war alles da was man ben tigt hat und es war sehr sauber  dan war sehr nett und ein toller gastgeber  schade dass wir nicht mehr zeit hatten  haben aber dennoch  einen super eindruck von  seattle bekommen und w rden bei unserem n chsten aufenthalt gerne wieder bei dan unterkommen  vielen dank und viele gr  e  julia
8880,aaron war hilfsbereit  freundlich und hat uns mit rat und tat zur seite gestanden  die wohnung und das g steschlafzimmer waren hell und sch n  die wohnung ist sehr zentral gelegen und man kann alle wichtigen dinge sehr gut zu fu  erreichen  
11095,wir haben uns bei donna sehr wohl gef hlt  das ballard charm ist ein guter ausgangspunkt um die stadt seattle zu erkunden  donna hat in ihrem appartment alle informationen  die man ben tigt  um direkt nach ankunft eine stadtbesichtigung zu unternehmen   die wohngegend ist sehr ruhig und man kann fu l ufig ein gutes pub erreichen 
11940,es war alles so wie beschrieben     es war sehr ruhig   die umgebung war teilweise sehr h gelig     es waren alles gepflegte einzelh user mit sch nen g rten   
12124,wir haben uns bei daisy sehr wohl gef hlt  das bett ist perfekt  um einen jetlag auszuschlafen  die wohnung ist sehr gem tlich und pers nlich eingerichtet  das preis leistungsverh ltnis ist super  wir hatten keine probleme mit unserem auto einen parkplatz vor dem haus zu finden  ein biosupermarkt  pcc market  liegt nur 1mi entfernt in columbia city    ein traum f r veganer  
12761,wir hatten eine tolle zeit bei amy und nathan in seattle  amy hat uns pers nlich in empfang genommen ist dabei sehr flexibel auf unsere gew nschte ankunftszeit eingegangen  sie hat uns alles was wir wissen mussten gezeigt und auch einige tips f r unseren aufenthalt in seattle gegeben  die wohnung entsprach der beschreibung in vollem umfang und war sehr komplett ausgestattet  abends durften wir noch  das von nathan selbst gebraute bier probieren und haben uns dabei angeregt unterhalten  west seattle ist eine angenehme umgebung  man f hlt sich fast schon wie in einer kleinstadt und ist gleichzeitig in 30 minuten mit dem bus in downtown  f r uns war es ein rundum gelungener aufenthalt 
12879,die wohnung ist sehr gut ausgestattet und wir hatten alle kochutensilien  die wir ben tigten  das bad ist sehr sch n und ger umig  gleich in der n he ist ein supermarkt  der parkplatz direkt vor dem haus war super  in die innenstadt sind es mit dem auto nur ein paar minuten  in der nacht ist es recht laut  man h rt den stra enverkehr und alle 10 minuten fliegt ein flugzeug  ber das haus  f r ein paar tage ist die wohnung zu empfehlen  
12969,linda ist eine sehr symphatische  aufmerksame   hilfsbereite gastgeberin 
13051,das haus von rich ist wundervoll  es strahlt so viel w rme und geborgenheit aus  ich habe mich mehr als wie zuhause  website hidden  ist sehr sehr sauber und geschmackvoll eingerichtet  rich ist zu jeder zeit erreichbar und sehr hilfsbereit  die lage ist ideal um schnell in der city zu sein  restaurants bars und superm rkte sind leicht zu fuss erreichbar  wenn die h chste punktzahl eine 10 w re w rde ich rich 100 geben  leider passt das haus nicht in meinem koffer sonst w rde ich heute in seinem wohnzimmer am kamin sitzen  vielen dank f r alles rich 
13704,sehr gute gegend  toller park gleich um die ecke  der zu spazierg ngen einl dt  unterkunft war soweit in ordnung  hatten ein kleines problem  dass handt cher fehlten  aber erin hat umgehend reagiert und auch noch eine flasche wein spendiert  toll 
14109,rita ist sehr komplikationslos und aufgeschlossen  wir wurden ganz herzlich empfangen  obwohl wir nicht zur verabredeten zeit einchecken konnten  f r das abendessen hatte sie tolle tipps f r uns und auch sonst hat sie sich sehr um uns gek mmert  die betten sind sehr gem tlich und einladend  die wohnung bestens ausgestattet  ihr mann elwin ist auch immer sofort zur stelle und konnte weiterhelfen  obwohl man in einer gro stadt ist  liegt das haus in einer ruhigen gegend 
14380,susanna und petrick waren liebe und aufmerksame  gastgeber  selbst unsere recht sp te ankunft am abend war kein problem das haus liegt in einer ruhigen gegend  mit ausreichenden parkm glichkeiten und kurzem weg zum highway  susanna spricht sehr gut deutsch  dies ist besonders sch n f r alle  die ihr schulenglisch schon etwas vergessen haben 
14393,wir hatten eine wundervolle zeit bei susanna und patrick mitten im k nstlerischen fremont und trotzdem unglaublich ruhig gelegen  unser zimmer war traumhaft  gem tlich und mit einem super bequemen bett und eigenem bad ausgestattet  das haus ist mit so vielen wundersch nen kleinen details ausgestattet  dass man sich von der ersten sekunde an zu hause f hlt  bessere gastgeber als susanna und patrick kann man sich nicht w nschen  beide haben uns w hrend unseres aufenthaltes weit mehr mit tipps geholfen  als man das normalerweise erwarten kann  die lage des hauses ist perfekt  mit auto und bus leicht erreichbar und trotzdem super ruhig und sicher  wir hoffen sehr  noch einmal das vergn gen zu bekommen  bei den beiden  bernachten zu d rfen  besser geht s nicht    und susanna spricht so perfekt deutsch  dass wir fast vergessen haben in den usa zu sein     schade  dass unser aufenthalt nur so kurz war 
14411,wir erreichten susannas zu hause abends  wir wurden sehr freundlich empfangen  susannas deutsch ist wirklich sehr gut und sie liebt es dies zu sprechen    wir f hlten uns schon beim empfang sehr wohl  das zimmer ist wie auf dem foto  sehr liebevoll eingerichtet und sehr sauber  auf dem nachttisch lag eine liste  wo man die wichtigesten details  ber seattle erfahren konnte  zudem stand frisches wasser parat  auf dem fensterbrett stand ein korb mit diversen karten von seattle und sehensw rdigkeiten  wir hatten ein eigenes badezimmer  dies war ebenfalls sehr sauber  susanna zeigte uns ihr sch nes haus und die dachterasse mit wundersch ner aussicht  es war wirklich sehr angenehm    danke vielmals f r die liebevolle gastfreundschaft von euch beiden und vielleicht ein anderes mal   
14908,das zimmer war wie beschrieben und die umgebung ist super   wir sind erst sehr sp t in seattle gelandet  aber das war kein problem  nikki kann sogar deutsch  sie hat uns kurz alles geziegt  weil sie dann weg musste  das zimmer ist sehr sch n eingerichtet und das bad ist sehr sauber  nikki hat sogar duschbad und shampoo zur nutzung im bad gehabt  auch eine mikrowelle und wasserkocher waren vorhanden  kaffee und oatmeal hat sie d r uns dagehabt  das zimmer hat einen ausgang auf die kleine terasse  so das wir abends noch draussen sitzen konnten  die umgebung ist sehr ruhig und genau am discovery park  den wir am letzten tag auch angesehen haben  auf jeden fall einem besuch wert   am zweiten abend haben wir nikki und ihren mitbewohner angetroffen und uns mit ihnen unterhalten k nnen  beide sehr aufgeschlossen und freundlich  wir haben uns von anfang an sehr wohl gef hlt  das haus ist zwar hellh rig  aber wir haben die zwei kaum mitbekommen  alles in allem eine tolle unterkunft  es war unsere erste erfahrung mit air b b und wir haben es nicht bereut  wir w rden jederzeit wieder bei nikki  bernachten  sie hat auch sehr schnell auf all unsere emails geantwortet  sowohl vorher als auch w hrend wir bei ihr gewohnt haben 
14966,glenn hat uns sehr nett empfangen und im apartment fanden wir wertvolle tipps zum ausgehen  die lage des apartments ist ideal um abends in die hippesten viertel der stadt bequem zu fuss zu gehn  die tatsache  dass es einen tiefgaragenplatz gibt  ist sehr bequem und kostensparend  zur waterfront l uft man in ca  15 min durch spannende strassen 
15665,brad   liz sind hervorragende gastgeber  warmherzig  freundlich und hilfsbereit  so hatten wir einen sch nen start in unseren nordwest urlaub  wir verbrachten 2 n chte im sehr interessanten cottage mit  den tollen skulpturen und bildern von liz  das cottage liegt in ballard in einer ruhigen wohngegend und doch ist das stadtzentrum mit dem auto schnell zu erreichen   vielen dank liz und brad f r die sch ne zeit 
15806,wir haben uns sehr wohl gef hlt in dieser kleinen  gem tlichen cabin  umgeben von einem lauschigen bambusgarten  netter r ckzugspunkt ich habe gerne die mit den basics ausgestattete k che genutzt  gute lage  wenn man mit  ffentlichen verkehrsmitteln unterwegs ist  drei busse halten um die ecke und fahren downtown und zur metrostation union street  von wo aus man anschlu  in alle richtungen hat 
15893,wenn ihr eine ruhige unterkunft sucht u ungest rt sein wollt seit ihr hier richtig  den schl ssel findet ihr in einer gesicherten box  reisetipps u infos zu einkaufsm glichkeiten u den busfahrpl nen liegen im zimmer bereit  das zimmer ist soweit in ordnung f r kinder gibt es massig spielzeug u f r kleine u gro e kinder ein trampolin im garten das genutzt werden kann  toll ist die n he zu alkibeach  in die downtown braucht man ca  45min  abends f hrt nur noch die d c linie nach westseattle zur ck deren stops in downtown nicht immer einfach zu finden sind  da es sich um eine expresslinie handelt mit entsprechend wenig stops  erkennbar an roten markierungen  taxis kosten um die 20   
16130,wir hatten einen tollen aufenthalt in nate s und brain s 2br  es war alles vorhanden  was wir ben tigten  nate  brain haben wir leider nicht kennengelernt  war sehr freundlich und zuvorkommend  die wohnung war sehr sauber und ruhig  besonders gefallen haben uns die kleinen aufmerksamkeiten  wie das frische wasser  die kleine schokolade und der willkommensgru   wir kommen gerne wieder   
16180,die kommunikation mit brian   nate war unkompliziert  alles hat zuverl ssig geklappt  obwohl wir sie nicht pers nlich kennen gelernt haben  das haus   die umgebung sind sehr sch n   ruhig   in der wohnung hat es alles  was man braucht  aber f r 4 personen fanden wir es doch etwas zu eng und auch ein wenig dunkel 
17717,die wohnung war sch n und sauber  checkin war sehr einfach und angenehm 
17736,sehr zu empfehlen   d  heidi und ihr freund waren super  sehr freundlich und hilfsbereit  das zimmer war toll noch besser als erwartet  neben einem kleiderschrank gab es ein eigenes  sehr sauberes bad  au erdem gab es eine eigene kaffeemaschine     die nachbarschaft ist wirklich sch n  mit netten kleinen h uschen   wir haben 2 n chte bei heidi verbracht und w rden jedes mal wieder buchen   
18347,f r den aufenthalt in einer fremdem stadt hatte ich bis dato immer nur uniforme hotels genutzt  die sich ja mehr oder weniger auf der ganzen welt gleichen    diesesmal wollte ich bewu t etwas anderes und etwas mehr unabh ngigkeit genie en und bin  ber airbnb auf das appartement von jamilah gesto en  ein gesamtes stockwerk im souterain eines liebevoll renovierten  f r die gegend typischen holzhauses  vollst ndig neu und stilvoll eingerichtet mit allem  was man braucht  sauber  gro z gig und angenehm  ein separater eingang  jede menge platz  mit wohnzimmer  k che mit gasherd  an dem auch ein profikoch seine freude h tte   riesigen k hlschrank  waschmaschine  mit der auch ich zurechtgekommen bin    und sp lmaschine  dazu noch eine kleines badeszimmer mit einer praktischen dusche  ein schlafzimmer sowie ein weiterer raum mit schlafm glichkeit  wenn man will k nnte man es auch als vierk pfige familie aushalten    f r mich war wichtig  dass das haus in einer ruhigen gegend liegt  wo man  ber nacht auch das fester gekippt lassen kann  dazu kommt das komfortable bett mit einer festen matratze und die ideale einkaufsm glichkeiten f r die selbstversorgung in unmittelbarer umgebung  5 minuten zu fu    an meinen freien tagen  ich war anl  lich einer gesch ftsreise in seattle  konnte ich morgens trotz der sp ten zeit im jahr  ende oktober  die sonne im wohnzimmer genie en  der standort capitol hill liegt erwas  ber der downtown  die man mit dem bus oder zu fu  einfach erreichen kann     u erst sympatisch empfand ich w hrend meines aufenthalts die gastgeber  die sich unkomplizierter weise darum k mmerten  wenn es fragen gab  der freundlicherweise zur verf gung gestellte wifi zugang hat mir dann erm glicht  das eine oder andere gesch ftliche gleich vom appartement aus zu erledigen und nach hause zu skypen   alles in allem war ich sehr angetan und habe dadurch meine zeit in seattle genie en k nnen   
19281,ich habe mich im 5 star house sehr wohlgefuehlt  flor war sehr herzlich und hilfsbereit als ich probleme mit meinem gepaeck hatte   die adresse ist absolut empfehlenswert 
19661,wir haben vier n chte bei ann in fremont verbracht  es war einfach sch n  das zimmer und das ganze haus ist sehr liebevoll und k nstlerisch eingerichtet  die k che ist sehr gut ausgestattet  das haus ist in einer ruhigen wohnlage  aber doch nur ein paar blocks von restaurants und gesch ften entfernt  es war genauso wie beschrieben und sehr sauber  ann ist eine wunderbare  unkomplizierte gastgeberin   sie hatte viele tipps und infomaterial f r uns   wenn wir wieder nach seattle kommen  werden wir sicher wieder bei ann  bernachten 
19960,die n he zum unigel nde war f r uns ein gro er pluspunkt 
20654,wir haben den aufenthalt im haus von katie und dan sehr genossen  es ist alles sehr gem tlich  geschmackvoll und praktisch eingerichtet  der kontakt mit katie war unkompliziert und sehr nett  alles perfekt 
20810,die unterkunft bei akiko und matt war genauso wie beschrieben  das stadtzentrum ist superschnell mit dem light train zu erreichen  so dass man f r die stadtbesichtigung kein auto braucht  akiko und matt sind  u erst freundliche  aufmerksame und nette gastgeber  wir haben zusammen einen gem tlichen grillabend verbracht  in der wohnung ist alles vorhanden  um erholsame ferien zu verbringen  wenn wir wieder einmal seattle besuchen  kommen wir gerne wieder  vielen dank an akiko und matt  
21378,sehr gut gelegen f r einen besuch  von seattle  mit  ffentliche verkehrsmittel gut erreichbar  sauberes zimmer  kitchenette etc   alles prima in ordnung   gute gastgeber  empfehlenswert 
21418,ein freundliches gastgeberpaar  nette und gem tliche unterkunft wie beschrieben in einem sehr sch nen stadtteil von seattle 
21476,cindy war sehr hilfsbereit und freundlich   alles war sehr gut organisiert  so bekamen wir zb zwei schl ssel f r die wohnung   kann diese unterkunft im preis  und leistungsverh ltnis nur empfehlen  auch lie  cindy 24 stunden den ventilator laufen  da es sehr hei  war  gesch fte sind in der unmittelbaren n he sowie caf s und co     vielen dank   cindy
22299,von jennifers zimmer aus konnten wir alle unsere wunschziele problemlos erreichen  das zimmer selber war schon fast eine kleine wohnung  bestens ausgerichtet mit kleiner k hlschrank mikrowellen ecke und einem eigenen badezimmer  mit der terrasse vor der eigenen eingangst r kam richtige ferienstimmung auf  die einrichtung hat sich im vergleich zum foto verbessert   
22319,kleines  dunkles  sauberes zimmer  gut zur ankunft nach langem anflug da in flughafenn he  ungeeignet f r aufenthalte um die stadt kennen zu lernen   nur im sommer buchen  es ist ein feuchtes  k hles zimmer  als wir im oktober dort waren kamen die besitzer erst am morgen unserer abreise auf die idee das zimmer zu beheizen     
22690,english below          die unterkunft war wirklich klasse  ich war mehr als positiv  berrascht  rainer  der gastgeber  mitsamt seiner frau waren freundlich  allzeit hilfsbereit und trotzdem sehr unaufdringlich   der raum war nicht gro   auf dem bild ist das allgemeine wohnzimmer zu sehen  zum  bernachten auf f r viele tage  ich war 10 tage dort  absolut ausreichend  die lage ist super  b s downtown seattle mit dem bus 15 minuten  inklusive gehzeit zur busstation  und die gegend ist mit den  ffentlichen sehr gut vernetzt  selbst zu fu  von downtown in reichlichen 30 minuten zu erreichen  die nachbarschaft ist sehr durchmischt  was ich sehr positiv finde   d h  von jung bis alt  von reich bis arm und von  bildhaft gesprochen  schwarz bis weis alles vorhanden  inklusive der stra enparty am wochenende     bei meinem n chsten aufenthalt in sea werde ich sehr gerne wieder bei rainer anklopfen                                the lodging is great  it was apositive surprise to me  rainer  the host is great  including his charming wife    helping  always on service but nevertheless very discreet   the room tend to be smaller but even for longer stays absolutely comfortable  the location is great within an vibrant neighborhood and still close to seattle downtown  by bus 20 minutes  inkluding walk to bus station  greatly cross linked to the public tansport and even by foot within 35 minutes walking distance from downtown   if i come back to seattle i will again knock at rainers door 
22727,gem tliches ruhiges zimmer  es war alles so wie beschrieben   die gastgeberin emily habe ich in 4 tagen nicht einmal gesehen  aber alles hat prima geklappt die lage ist sehr ruhig  zur n chsten busverbindung muss man ca  5 minuten zu fu  laufen  internet verbindung war super 
23268,das beach house war sehr gut beschrieben und hatte eine tolle lage  auch die nachbarschaft ist absolut sicher und wir hatten eine sch ne zeit dort  die aussicht ist traumhaft und man sitzt wirklich direkt am meer  wenn man morgens aufwacht und aufs wasser schaut ist das nur grandios  und das entsch digt f r das schon in die jahre gekommene haus  es ist alles vorhanden was man zum t glichen leben braucht und auch die k che ist komplett ausgestattet  es ist halt ein bewohntes haus  das vermietet wird und man darf sich nicht an den vielen pers nlichen dingen st ren  es war sauber und das bett ok   alles gute f r michael
23550,wir hatten eine wundervolle zeit bei pam  der empfang war sehr liebevoll  vorbereitet und die wohnung geschmackvoll und perfekt eingerichtet   f r unser belange   st ndiger besuch vom enkelkind   war bei bestem wetter   vor allem die gro e terrasse mit eigenem garten und blick auf die nahe spaceneedle nicht zu  berbieten  wir haben 16 tage aufenthalt dort genossen und hoffen auf eine wiederholung     anne und rainer   
23619,pam ist eine tolle gastgerberin  jede anfrage wurde sehr schnell und ausf hrlich beantwortet  der empfang war sehr herzlich  neben einem begr  ungsanschreiben haben wir zahlreiche informationen  ber seattle  sehr hilfreich  und eine sch ne flasche wein erhalten  herzlichen dank    die wohnung und die lage  ruhig  aber dennoch sehr zentral  haben uns uns auch sehr gut gefallen  vor allem die eigene terrasse ist sehr sch n  f r uns waren es perfekte tage 
23635,liebe pam  lieber patrick     danke f r 4 wochen aufenthalt in eurer wohnung   wie immer    zweiter aufenthalt bei euch  hat es uns   ausgezeichnet gefallen  danke f r euren netten empfang  mit begr  ungswein und begr  ungstafel an der wand   wir haben uns rundum wohlgef hlt und nat rlich zusammen  mit unserem enkelkind die terrasse und den zugeh rigen   garten mit blick auf die space needle genossen   es war schon etwas wie zweite heimat bei euch und wir hoffen   dieses erlebnis im n chsten jahr zu wiederholen     bis dahin alle guten w nsche f r euch und   thanks for your hospitality       anne und rainer blasum   lteres ehepaar von 70  
24224,die wohnung war bei  bernahme perfekt sauber  die wegbeschreibung zum condo war ebenfalls sehr gut  so dass wir  problemlos dahin gefunden haben   f r 4 erwachsene personen sind die betten zu klein  hier w re zumindest ein king size bett ein vorteil  zudem ist f r 4 personen das einzige badezimmer sehr klein  sehr positiv empfunden haben wir  dass die wohnung keine teppiche  sonder laminatboden hatte  die mobile klimaanlage funktionierte zwar  ist jedoch in der nacht zu laut  die lage ist perfekt  downtown und der pike market in 10 15 minuten zu fuss erreichbar  das wifi funktionierte problemlos  alles in allem eine gepflegte wohnung  jedoch eher nur f r 2 erwachsene mit kleinen kindern 
24774,alles bestens und genau wie beschrieben  sharan hat mir sogar einen gutschein f r kostenlose fitnessstudiobesuche geschenkt  sehr zu empfehlen  jederzeit wieder 
24946,gem tliches  sehr ger umiges und sauberes  gut ausgestattetes  cottage  ber 2 etagen  es ist ein paar meter vom haus des vermieters entfernt und hat einen eigenen zugang  es war als ob wir ein h uschen f r uns alleine h tten  von dort waren wir mit dem auto schnell in downtown seattle  uns hat es super gefallen  wir k nnen das cottage uneingeschr nkt weiter empfehlen  
25046,semi privates souterrain  schlafzimmer in ordnung mit gutem bett  sehr gut geeignet f r zwei personen  bei belegung mit mehr als zwei personen muss das wohnzimmer mitbenutzt werden  wo leider nur eine luftmatratze zur verf gung steht   g ste sollten mit der zutraulichen katze zurechtkommen  sauberkeit war ok  
25603,alexia ist eine sehr nette gastgeberin  sie bereitet alles perfekt vor und hat sehr gute tipps f r seattle auf lager    das zimmer ist in einem sehr sch nen haus  in einer guten gegend gelegen  f r eine person ist es ideal um seattle zu erkunden 
25870,die appartements von darcy liegen sehr gut  zentral in der stadt  von hier aus ist alles fussl ufig erreichbar  allerdings versammeln sich gegen ber in einem kleinen minipark einige obdachlose  die auch betteln  ich selbst bin auf weg und im 7eleven angesprochen worden  die schl ssel bergabe lief  ber den barkeeper des merchants cafe problemlos  in den appartments h rt man auch nichts von der bar im erdgeschoss   entt uscht waren wir  ber die kommunikation  die leider nicht mehr statt fand  wir h tten noch geld zur ckbekommen sollen  allerdings haben wir  auch nach nachfrage  bis heute nichts mehr von darcy geh rt  sehr entt uschend und unseri s   auch war das zimmer nicht wirklich sauber  wir waren mit einem s ugling dort und achten vielleicht deshalb mehr auf den boden und die hygiene   wir w rden bei einer erneuten reise nach seattle eine andere unterkunft aufsuchen 
26213,cameron und seine mitbewohner waren super gastgeber und konnten uns immer weiterhelfen bei fragen  vor allem die m glichkeit eines tragbaren wifi moduls war sehr praktisch  da wir roaming kosten sparen konnten    die wohnung war wie beschrieben und der blick von der dachterasse war einfach einmalig    knapp 200m weiter war auch die bushaltestelle mit der man ohne umsteigen ins zentrum gelangt oder auch zur space needle   wir k nnen die wohnung uneingeschr nkt weiter empfehlen 
26600,beth war eine gro artige gastgeberin und hat uns sehr herzlich empfangen   sie war stets hilfsbereit und gab uns sogar auf eine kleine tour durch seattle   das zimmer ist liebevoll eingerichtet und hat unsere erwartungen mehr als erf llt   das haus ist sehr gut gelegen  mit einem supermarkt und einer bushaltestelle in unmittelbarer n he     wir w rden jederzeit wiederkommen 
26601,unser aufenthalt bei beth war wirklich toll  das zimmer und bad sind sehr sauber und wie in der beschreibung  busanbindung in die stadt ist gut  supermarkt zwei gehminuten entfernt  und  beth ist eine sehr offenherzige  interessierte  lustige und lebhafte frau  mit der man viel und lange reden kann  absolute empfehlung 
26638,sehe netter kontakt  aber leider ist etwas dazwischen gekommen und wir konnten nicht bei beth schlafen  da sie ihr haus gerade gestrichen hat  dennoch hat sie uns ein hotel gebucht und bezahlt  also war es v llig okay  wir wurden aber davon  berrascht  sonst kann ich sie weiterempfehlen   
26827,serina ist eine sehr nette gastgeberin  das apartment liegt nur wenige schritte entfernt von der space needle und auch das centrum ist zu fu  gut zu erreichen  wenn man an den piers lang l uft     das apartment ist mit allem ausgestattet  was man braucht   auch der film  sleepless in seattle  geh rt zu inventar     ich w rde wiederkommen  
26837,das appartement sowie serina als gastgeberin  ist absolut weiterzuempfehlen  zwar haben wir uns nicht pers nlich kennenlernen k nnen  aber serina hat f r einen absolut reibungslosen ablauf gesorgt sowie einen herzlichen empfang mit regionalem kuchen und blumen gestaltet    die bilder des appartements sind absolut realistisch  die lage ist perfekt und wirklich sehr zentral in seattle   f r uns als fu g nger perfekt   aber auch busse fahren direkt vor der haust r   besonders praktisch war f r uns auch noch die ausstattung  gem tlich eingerichtet zum fr hst cken  gro er k hlschrank und  wir konnten vor der weiterreise noch eine ladung w sche in den kombinierten waschmaschinen trockner werfen   alles also absolut top 
26908,serina hat uns einen tollen aufenthalt in seattle erm glicht  bei der ankunft lag ein karton mit lokalen k stlichkeiten von einem tollen b cker als geschenk im zimmer  die lage der wohnung ist super zentral direkt neben der space needle 
27274,julian war ein freundlicher und hilfsbereiter gastgeber  der uns gute tips f r unseren aufenthalt in seattle gab  sein haus liegt sehr g nstig in unmittelbarer n he einer link rail station  das zimmer war sauber und ausreichend gro   die anderen g ste des hauses bekamen wir kaum zu sehen und nur selten zu h ren  im flur stand kostenlos trinkwasser bereit  wir bedanken uns f r den angenehmen aufenthalt 
27538,ich hatte eine wirklich fabelhafte zeit bei jerome  das zimmer war wie beschrieben super sauber und hatte einen tollen ausblick auf die berge und die skyline  tolle und ruhige nachbarschaft  aber man konnte trotzdem schnell zu seattle s hotspots gelangen  jerome legt viel wert auf eine gesunde ern hrung  sodass stehts frisches obst zur verf gung stand  absolut weiter empfehlbar   vielen dank
27624,jennifer ist ein gro artiger gastgeber  sehr nett und zuvorkommen  die ankunft lief reibungslos ab  es war nur etwas schwierig den eingang zu finden  da die wohnung im dachgeschoss liegt  das apartment selbst war durchschnittlich was sauberkeit  wobei hier eher unter dem durchschnitt   lage und sonstige allgemeine aspekte anbelangt  es ist ein altes haus und ganz ehrlich gesagt etwas heruntergekommen  chaotisch und um diese jahreszeit sehr kalt  mit jennifer leben drei katzen  die etwas nervig sein k nnen da sie oft versuchen in den raum zu kommen  alles in allem war mein aufenthalt in ordnung  ich habe jedoch nicht viel zeit dort verbracht  lediglich zum schlafen 
28467,pauls appartement hat einen sch nen blick auf den see und den park dazwischen  es ist individuell und gem tlich  website hidden  entertainmentist der zeitgem     die k chenausstattung ist perfekt  bad dusche ist gut  die handt cher und die gestellten seifen  shampoos usw  sehr gut  in dem schlaf  und dem kinderschlafzimmer l sst es sich gut und leise schlafen    ein appartement zum wohlf hlen  einen parkplatz findet man immer fast direkt vor dem haus  mit dem auto sind es 5 minuten bis zum pcc wo es die leckersten dinge zum essen gibt   sehr zu empfehlen 
29150,es war sehr sch n bei eliza  sie war eine ausgezeichnete gastgeberin  ich haus war sch n und sauber  die nachbarschaft war ruhig  es gab aber auch einkaufsm glichkeiten in der n he  mit dem bus war man sehr schnell in der innenstadt 
29434,leider war esnicht so fein  da die unterkunft alles andere als sauber war  die mistk bel gingen  ber  die k che und bad waren eher schmuddelig  die klobrille nicht fix montiert und sehr wackelig   die bettw sche war scheinbar nicht frisch  berzogen  da sie nicht frisch roch und wir haare drinnen fanden  wir dachten air b n b ist schon so gedacht  dass es fr hst ck gibt   davon war leider nichts zu bemerken  es gab wohl ein fach f r b n b guests wo altes ausgerauchtes cafepulver und zucker war  aber mehr auch nicht  der garten war wie eine m llhalde   wir h tten das haupthaus per hintereingang betreten sollen  nur war eine sprosse der holztreppe durchgebrochen und man h tte quasi einen dreiviertel meter etwas gef hrlich  berwinden m ssen  die schl sser der verschiedenen t ren sind sehr eigen  wir brauchten fast immer 10min bis sich die t ren  ffnen lie en  man hatte das gef hl  dass man gleich die t rschnalle in der hand hat und der schl ssel abbricht   m hsam    man soll dann noch alles putzen und waschen nach gebrauch und mistk bel ausleeren  bettw sche abziehen  womit wir ja eh kein problem haben  aber dann w r es fein  wenn zumindest saubere schw mmchen und geschirrt cher zur verf gung stehen w rden  alles sehr smelly         also f r den preis h tten wir uns zumindest eine saubere unterkunft erwartet dear monica 
29654,nette unterkunft  die gastgeber waren freundlich und unkomplizirt  wir hatten eine gute nacht 
30535,wir wurden herzlich von c line und kurt empfangen  da man zusammen im haus wohnte war ein enger kontakt jederzeit m glich  egal ob man seine ruhe brauchte von einem erlebnisreichen tag oder etwas austausch mit dem gastgebern suchte  es gab nie ein problem damit  es war ein sch ner aufenthalt dort und ein wirklich sch nes zu hause     
30733,herzliche gastgeberin  hat sich vorher  ber unsere ankunft informiert und auf jede nachricht geantwortet    die beschreibung des apartments trifft voll und ganz zu und liegt f r erkundungen von seattle in einer tollen nachbarschaft  nette caf s und restaurants fussl ufig  
31007,das hostel war sauber und gepflegt  die mitbewohner waren sehr freundlich und hilfsbereit  
31892,wallingford war uns sofort sympathisch  alle g rten und h user sind liebevoll gestaltet und wirken einladend  f r die hei en sommertemperaturen war joyces down house perfekt  wir waren drei generationen und f nf personen  phone number hidden  und 72 jahre   joyce hat uns sehr herzlich empfangen und uns mit den perfekten tipps f r unseren aufenthalt versorgt  danke an joyce  wir w rden sofort wiederkommen  
32741,unser aufenthalt bei errin war der perfekte start in eine lange reise  das appartement liegt ruhig ab von einer strasse und bietet alles  was man braucht  sogar toilettenartikel im bad und k chensachen wie kaffe  tee und konfit re liegen berein  errin ist sehr herzlich und unkompliziert  gerne kommen wir wieder 
32787,die ankunft war unkompliziert  die lage ist ruhig und die parkplatzsuche kein problem    die wohnung ist sehr sch n eingerichtet  es hat viel platz  alles notwendige ist da  die bilder in der beschreibung zeigen die wohnung  so wie sie ist  es ist eine sehr ausf hrliche und hilfreiche beschreibung von der wohnung und zu restaurants  aktivit ten  gesch ften      vorhanden    amy war sehr nett  unkompliziert und hilfsbereit    alles hat bestens funktioniert  wir w rden jederzeit gerne wieder kommen       
32959,sch ne unterkunft mit vielen extras  z b  der sportraum   zentral fu l ufig gelegen  z b  pike place market  die f hren und der international district   alles wie in der beschreibung  kommunikation war prompt  freundlich und unkompliziert    bahnh fe f r z ge und verbindung zum flughafen  skytrain  auch nur 10 15 min zu fu  entfernt  und ja  der h gel ist wie ein kleiner work out  ist aber machbar  ansonsten 5 dollar f r s taxi     
33047,eine nacht bei brendon verbracht  kurzfristige buchung extrem schnell beantwortet  check in problemlos  tolles haus  alles sehr sauber  tolles bett   f r amerik  verh ltnisse angenehm feste matratze  brendon und pryia sind sehr nett und hilfsbereit  prima platz f r besuch von  the junction  und downton seattle per bus  wirklich klasse 
33553,tania war sehr nett und hat sogar den k hlschrank bef llt  der ablauf war problemlos  die wohnung supersch n und sehr sauber  wir habenuns sehr wohl gef hlt 
34188,wir haben uns sehr wohl gef hlt in der k nstlerischen umgebung  das zimmer ist eher klein aber gem tlich eingerichtet  wir waren leider zu kurz da um viel  ber die umgebung sagen zu k nnen  die empfohlene pizzeria war auf jeden fall sehr gut 
34196,wir mussten die reise leider einen tag vorher stornieren    
35043,gute beschreibung und auch gute gegend  immer telef  auch erreichbar 
35094,war sehr angenehm 
35899,es ist wundersch n  die lage ist perfekt  busstation gleich am haus und f hrt direkt nach downtown  das appartment ist sehr sauber und liebevoll eingerichtet  der kontakt mit paige ist reibungslos sie beantwortet jede frage sofort und ist sehr freundlich  wenn wir wieder nach seattle kommen werden wir defintiv dieses appartment buchen 
36111,wir hatten einen sch nen aufenthalt in andrew s haus  das zimmer entsprach der beschreibung und war sauber  das haus liegt in einem sch nen wohnumfeld  die lage ist gut  um seattle zu erkunden  es ist nur ein kurzer weg zu stadtbahnhaltestelle und eine kurze fahrt in die innenstadt 
36448,obwohl das zimmer im untergescho  nicht der beschreibung entsprach  cottage   empfanden wir es sogar besser  liz empfing uns sehr freundlich und wies uns in alle dinge  die zu beachten sind  ein  da unser sohn in ballard wohnt waren wir nur zum schlafen da    brad konnten wir erst bei beim checkout sehen  da er verreist war  es fand aber ein sehr herzliches gespr ch mit ihm statt  woraus zu  schlie en ist  das er ein genauso prima gastgeber wie liz ist  wir k nnen die unterkunft mit besten eindr cken weiter empfehlen  
37859,ich habe f r zwei n chte in der unterkunft von laura und hasan gewohnt und mich sehr wohlgef hlt  das apartment war sehr sauber  gem tlich und obwohl es nah an dem highway 5 liegt  sehr ruhig  erfreulich ist  dass es eine kaffeemaschine mit gen gend kaffee und milch gratis gibt     ich kann dieses apartment nur weiterempfehlen 
39892,gro es  sch nes  sauberes zimmer  topgepflegtes eigenes badezimmer mit toilette  sehr nette hostfamilie  lage  ca  15 min mit  ffentlichen verkehrsmitteln in downtown und in angenehmer nachbarschaft  alles super ausgezeichnet  wir w rden wieder kommen 
40006,jill und john waren gro artige gastgeber  mein freund und ich haben uns bei ihnen ganz wie zu hause gef hlt  das zimmer mit eigenem bad war ruhig  sauber und gem tlich  genau das richtige f r unseren urlaubsaufenthalt in seattle  wenn immer wir fragen oder organisatorische probleme hatten  waren die beiden zur stelle und haben sich zeit genommen  uns zu helfen  absolut empfehlenswert 
40963,sehr sch nes  gro es zimmer  ruhiges haus und ordentliche wohngegend  luyao hat uns sehr freundlich aufgenommen  alles gezeigt und noch einen essenstipp fur s dinner gegeben  auto war gut zu parken  wir k nnen die unterkunft sehr gut weiterempfehlen  
41364,sehr gepflegtes ambiente  detaillierte beschreibung und information auch  ber die umgebung   pnv und restaurants in der n he  freundlicher empfang  routinierte gastgeberin  eine sehr gute alternative zu einer unterkunft downtown seattle  das man in 15 busminuten  gehweg 4 min  zur bushalte  perfekt erreicht 
42434,es war eine wunderbare erfahrung in maggies schickem und gem tlichen  floating home  zu wohnen  das haus schwimmt und schaukelt leicht auf den wellen  wenn ein boot vor ber f hrt  auf der terasse am wasser zu sitzen gibt einem das perfekte urlaubsgef hl   mitten in der stadt  die fotos werden von der realit t  bertroffen und maggie ist eine vollendete  immer freundliche  gastgeberin 
42648,irmgard war eine sehr nette und hilfsbereite gastgeberin  sie hatte sogar den kuehlschrank fuer das erste fruehstueck gefuellt  es lagen viele buecher und karten bereit  die wohnung war sehr sauber und grosszuegig  alles bestens 
43098,just amazing logan hat uns sehr herzlich begr sst  wir f hlten uns sofort sehr wohl  gem tliches  sauberes zimmer  logan stand f r fragen jederzeit zur verf gung und gab uns sightseeing tipps  w rden es jedem empfehlen und auch selbst wieder dort  bernachten   
43110,joan und markos haben uns am abend unserer anreise in empfang genommen und wir haben uns sofort wohl gef hlt  das haus ist wundersch n gelegen und auch die beschreibung hat gepasst  das zimmer ist super gem tlich und der garten  welchen man inklusive gem se und sitzplatz mit aussicht auf den lake washington nutzen kann  ist einfach toll  mit dem bus kommt man direkt in die stadt und auch in der n heren umgebung gibt es viele sehenswerte attraktionen wie der kubota garden oder der seward park  wir k nnen einen aufenthalt bei joan und markos w rmstens empfehlen und werden jederzeit gerne wieder vorbei schauen   
43242,wir hatten das appartment im september f r unseren seattle aufenthalt gebucht und waren vollends zufrieden   die ausstattung der wohnung ist hervorragend und bietet wirklich alles was man ben tigt  um auch mal selber zu kochen     das appartment ist richtig gem tlich und eine tolle abwechslung nach den vielen motels und hotels die man auf einem usa rundtrip so bewohnt  hier kann man sich wohl f hlen und auch mal zur ruhe kommen     die lage der wohnung ist auch super  man kann zwar nicht wirklich irgend etwas von dort aus  erlaufen  aber die gegend ist sch n und sowohl am wochenende als auch unter der woche verkehrsm  ig echt entspannt  wir sind von dort aus mi t dem auto immer schnell da hin gekommen wo wir hin wollten  der kostenlose parkplatz hinterm haus ist nat rlich auch goldwert  bushaltestelle ist tats chlich direkt vor der t r haben wir aber nicht genutzt  leihfahrr der sind auch in der stra e  hat sich f r uns aber nicht ergeben und um dort hin zu laufen ist es evtl  auch ein wenig zu weit     wir w rden die wohnung auf jeden fall wieder buchen  beim n chsten besuch der stadt 
43575,gem tliches zimmer mit eigenem bad in einer gro en wohnung mit balkon  alles bestens  louise war eine nette gastgeberin  gerne wieder 
43773,jean marcs gypsy wagon hat allen  besonders den kindern  viel spass gemacht  obwohl der wagen sehr klein ist  macht jean marc alles  um es angenehm zu gestalten  man teilt sich ein badezimmer mit den mietern einer kleinen h tte  die er auch selber gemacht hat  jean marc ist sehr gastfreundlich  ein origineller fund 
44381,sch ne airbnb wohnung  sauber   gute lage und super s  e katzen  durch das code system sehr einfach ins haus zu kommen ohne sich  ber den schl ssel gedanken zu machen  thank you summer 
44874,wir hatten 3 tolle tage in seattle bei dominick  frisch gelandet nach der langen reise aus deutschland war das appartment genau das richtige f r uns  mit dem taxi kommt man f r ca  13 dollar ab westlake bequem vor die haust re  mit einem sehr bequemen bett  einem sch nen bad mit gro er dusche  sehr gutem kaffee und einem liebevoll eingerichteten zimmer in sehr h bscher nachbarschaft ist man bestens versorgt  wir haben es sehr genossen in fremont zu wohnen  es gibt gen gend restaurants und cafes fu l ufig zu erreichen  wirklich lecker und echt nett ist es im restaurant el camino  da bekommt man sogar die biere zur probe vorab  auch wirklich sch n ist es abends am burke gilman trail zu sitzen und den booten zuzuschauen und der br cke  wie sie immer wieder  ffnet  am bestem was im supermarkt holen und einfach die abendstimmung genie en    obwohl wir dominick leider knapp verpasst haben  hat uns seine bekannte nina sehr nett empfangen  vielen dank nochmal f r die liebe gastfreundschaft  dominick hat uns im voraus bei der planung der anreise bestens geholfen  besser kann man f r seine g ste nicht da sein 
45499,wir hatten eine super sch ne zeit in seattle  die beiden gastgeber sind total gastfreundlich und wir haben uns im apartment sehr wohl gef hlt  ein besonderes highlight ist der blick auf den see  wir haben unseren aufenthalt sehr genossen  
45872,beth war sehr nett und gastfreundlich  das fr hst ck war inklusive und lecker  ich habe mich sehr wohl gef hlt und alles war sauber und ordentlich 
45887,der aufenthalt bei beth war toll  das zimmer war genau wie beschrieben  und das badezimmer ist vielleicht 2m direkt gegen ber auf der anderen seite des flurs  morgens gab es sogar fr hst ck  bei beth und ihre familie wird man einfach sofort freundlich aufgenommen perfekt eine der besten gastgeber nur zu empfehlen   vielen dank nochmal beth    
46402,es ist ein sehr gem tliches und sch nes appartement mit einer besonderen atmosph re   ich blieb dort 6 wochen und f hlte mich sofort wie zuhause  es ist minimalistisch und geschmackvoll eingerichtet  mit sehr sch ner eigenen terrasse  es hat alles was man zum leben braucht  und maija ist eine sehr nette und hilfsbereite gastgeberin  es ist relativ nahe am zentrum   zu fuss  sehr sch ne aussichten unterwegs  zwischen 35 und 60 minuten   kommt drauf  an  wohin man will    aber es gibt auch gute busverbindung  durch eine sehr sch ne lage   auf der h gel  von gr nem umgeben und mit dem blick aufs golfplatz   hat man das gef hl  das man  nicht wirklich in der stadt ist  
47897,die wohnung liegt in einer h bschen und ruhigen nachbarschaft  wir haben unser allabendliches bier in dem sehr netten pub um die ecke und das fr hst ck in karens gem tlichen caf  sehr genossen  busse nach seattle downtown sind fussl ufig vom haus erreichbar  mit dem bus ist man in circa 30min in seattle downtown  das kompakte zimmer ist h bsch eingerichtet und verf gt  ber ein sch nes eigenes bad  es lagen viele karten und informationen  ber die stadt bereit  karen und ihr freund mark sind sehr nette und zuvorkommende gastgeber  die uns herzlich willkommen hiessen  die schl ssel bergabe fand pers nlich statt und verlief reibungslos  wir haben uns wohl gef hlt und kommen sehr gerne wieder   
48022,wir waren 5 tage bei natalie zu besuch und k nnen nur von dieser unterkunft schw rmen  sehr viel platz  sehr hochwertige k chenger te  tolle zimmer und ideal f r 4 personen   selbst eine waschmaschine w re zur verf gung gestanden  die wir aber nicht gebraucht haben  natalie war bei der unterkunft sehr nett  hat aber auch uns danach in ruhe gelassen und uns gebeten bei fragen sich nicht zu scheuen hoch zu kommen   nur empfehlenswert wir w rden jederzeit wieder dort hin kommen   lg michi  sarah  jasmin und tobias
48132,wundersch ne wohnung  perfekt f r 2  nahe downtown  super kommunikation  sehr sauber 
48402,sehr freundlicher kontakt  nette  vollst ndige wohnung  sehr sauber   gerne wieder 
48895,eine nette unterkunft mit allem  was man braucht  gute lage mit unkompliziertem ein  und auschecken 
49176,am tag vor unserem eintreffen schrieb uns shauna schon nette worte und teilte uns alles n tige mit  als wir das haus betreten haben  haben wir uns sofort zuhause gef hlt  auf dem tisch stand zur begr  ung eine flasche rotwein und daneben lag eine supernette willkommenskarte  auch in der k che gab es alles  was wir brauchten  die unterkunft entsprach genau den ver ffentlichten fotos   auch der ausblick war mindestens genauso sch n 
50142,dies war das bisher teuerste airbnb und es war das schlechteste  niemand war dar  per zufall kam ein junger mann  der den code wusste und uns einliess  es stank nach fisch und war insgesamt ein dunkles loch trotz wohnzimmer und k che  das wifi funktionierte nicht  auf meine telefonische nachfrage  combox  wurde gar nicht eingegangen  ich erhielt zwar ein mail mit den anweisungen zum checking out  konnte es aber mangels internet nicht lesen 
50207,v llig reibungsloser ablauf  nick hat uns im vorfeld bestens informiert  so dass wir alles problemlos gefunden haben und es uns direkt bequem machen konnten  die wohnung ist einfach aber vollkommen ausreichend f r unseren kurzen besuch in seattle  durch die zentrale lage waren die wichtigsten sehensw rdigkeiten f r uns fu l ufig zu erreichen  in der direkten nachbarschaft gibt es reichlich coole restaurants und bars 
50220,wohnung entsprach den erwartungen  instruktionen zur schl ssel bergabe usw  waren hinreichend  nachbarschaft war gut  sicher  in fu n he zum zentrum   
50261,wir sind 5 n chte geblieben  und es ist eine apartment ausreichten f r 2 leute  es hatte alles man man so braucht  die einrichtung entspricht genau den bildern  wirkte aber im original dunkler und ein bisschen kleiner  aber sonst stimmt es     gut  die lage ist unschlagbar  wir konnten alles zu fu  erreichen was wir brauchten  die wegbeschreibung von flughafen war super einfach  und die zeitangabe kommt gut hin  und das ein  und aus checken war problemlos und funktionierte  ber ein schl sselkasten vor der eingangst r  die k che war mit alles ausgestattet was man braucht  in der direkten umgebung waren viele m glichkeiten zum ausgehen  soweit interesse dazu da ist  aber mann kann auch gut einen gem tlichen abend vor dem fernseher auf der couch machen  und sollte man was vergessen haben  findet man im badezimmerschrank und k chenschrank lauter reste die man auf brauchen kann  und im gro en und ganzen war das apartment sauber     neutral   das geb ude an sich merklich in die jahre gekommen  mann findet  berall kleine macken  aber das ist eher eine sch nheitssache  eine sch ne aussicht ist nicht zu erwarten  mann sieht eine wand und 6 vergessen b lle   1 frisbee rumliegen     aber daf r schaut auch keiner rein und man kann ungest rt l ften    die kommikation mit nicole war auch okay  die gr  e vom bad ist ausreichend      schlecht  das bett knartscht war wirklich sehr laut  f r leute mit einen leichten schlaf nicht geeignet  jedes mal wenn sich einer gedreht hat  hat man den anderen mit geweckt   was schlecht ist f r 2 leute die nicht die gleiche aufsteh  schlafenszeit haben    und die dusche ist gew hnungsbed rftig   das mit der internetverbindung hat nicht so gut geklappt  es hat am anfang eine weile gedauert bis wir mit den handy s drin war  und nicht alle ger te konnten sich erfolgreich verbinden    und mann kann nicht kochen ohne den rauch brandmelder vorher lahm zu legen  er reagierte sogar als wir nur den toaster verwendet haben  und ich habs nicht ganz verstanden wie man ihn wieder richtig einschaltet          im gro en und ganzen kann man sagen  das apartment hat vor und nachteile  es muss jeder selber abwiegen  wir w rden wiederkommen  vielleicht ein anderes apartment  das mit dem bett hat uns wirklich gest rt    aber sonst haben wir unseren aufenthalt genossen  
50979,unser aufenthalt bei ray und eileen war wirklich perfekt  wir wurden sehr freundlich von ray begr  t und er hat uns alles gezeigt  das apartment ist super gem tlich und bietet alles was man braucht  das bett ist sehr bequem und die k che ist gut ausgestattet  wir haben uns sofort wohl gef hlt  die lage von dem haus ist einfach traumhaft  die gegend ist wundersch n und du bist innerhalb 10 minuten im zentrum von seattle mit dem auto  der bus f hrt auch gleich vor der t r aber wir hatten ein auto deswegen haben wir die  ffentlichen verkehrsmittel nicht gebraucht  wir k nnen diese unterkunft w rmstens empfehlen und kommen definitiv wieder  
50995,wir hatten eine wundervolle zeit bei ray und eileen  beide haben uns herzlich begr  t und ray gab viele gute tipps f r einen tag in seattle  wir haben vorher eine sehr gute anfahrtsbeschreibung erhalten und es gab sogar kostenlos gek hlte getr nke im k hlschrank  nach einer langen anreise ein traum  die nachbarschaft ist sehr ruhig  sicher und bietet viele tolle pubs und restaurants  die wir selbst ausprobiert haben  auf tipp von ray und eileen sind wir ins alehouse   wieder ein sehr guter tipp  nicht weit  circa 10 minuten  liegt der kerry park mit einer wahnsinnigen sicht auf seattle und der space needle  mit dem bus ist man in circa 15 minuten in der stadt  die wohnung ist wie beschrieben   sehr gem tlich mit allem  was man braucht  alles in allem eine sehr empfehlenswerte unterkunft  wir w rden sofort wieder buchen  
51002,ray   eilen sind sehr freundliche und hilfsbereite gastgeber  die wohnung befindet sich in einer sehr sch nenen wohngegend  sie ist gro  und sauber  ist jedoch sehr voll gestellt und hat  da sie im keller liegt  auch ein wenig diesen kellergeruch  ansonsten waren wir sehr zufrieden 
51614,es war perfekt  einchecken war dank der beschreibung super einfach  es gab einen parkplan und  tipps zum einkaufen etc  die unterkunft war sauber und aufger umt  es war alles vorhanden  kaffeemaschine  waschmaschine  toaster und und und  die ganze unterkunft ist einfach super    im ganzen nur zu empfehlen  vielen dank f r den tollen aufenthalt 
51882,unsere erwartungen wurden mehr als erf llt  phil ist ein kommunikativer gastgeber mit vielen hilfreichen informationen  die lage der unterkunft ist zentral zu allen wichtigen pl tzen in seattle  und f r uns wichtig  absolut ruhig und sicher  nette umgebung mit allem was man braucht  b ckerei  kleine gesch fte und restaurants  unsere absolute empfehlung f r seattle ist phil s haus  vielen dank
52057,wir haben im m rz  15 eine woche bei lizzy und daniel verbracht  die beiden sind super freundlich und offen  bei fragen  problemen und empfehlungen hatten sie immer ein offenes ohr  das zimmer selbst ist einwandfrei  au erdem durften wir k che und wohnzimmer mit benutzen  sehr praktisch  die lage der wohnung ist f r seattle perfekt  direkt nebenan befindet sich ein gro er supermarkt   das viertel selbst ist sehr hip und beherrbergt viele kleine bars  coffeeshops  boutiquen und restaurants  keine 2 gehminuten entfernt befindet sich  die bushaltestelle nach downtown  aber auch zu  fuss ist z b  die space needle nur ca  30 min entfernt    wir haben unsere zeit bei lizzy und daniel sehr genossen und k nnen ihre wohnung und sie selbst jedem urlauber empfehlen    
52125,das haus ist wie auf den bildern abgebildet  gute wohngegend mit mehreren restaurants in unmittelbaren umgebung  eine buslinie ins zentrum ist eine stra enecke entfernt  der vermieter john ist sehr nett 
52539,dank den vorabinformationen von phil hatten wir keine schwierigkeiten die unterkunft zu finden  phil hat uns pers nlich sehr zuvorkommend begr  t  die selbst gemachten willkommens pl tzchen waren sehr lecker  alle fragen wurden direkt beantwortet und sightseeing tipps gegeben  die sch ne unterkunft entsprach voll unseren erwartungen  das haus liegt in einem sehr gr nen  urigen wohnviertel  downtown seattle kann gut in 35 min  zu fu  erreicht werden  die gastgeber waren ausgesprochen freundliche und unkompliziert  wir w rden jederzeit wieder kommen 
52545,grossz giges  sauberes zimmer mit eigenem badezimmer und separatem eingang  ruhige umgebung und doch erreicht man das zentrum in nur 15   20 minuten busfahrt  die bushaltestelle ist nur 2 minuten vom haus entfernt  geeignet f r kurze sowie lange aufenthalte  sehr freundliche gastgeber  man erh lt viele tipps und informationen  auf verlangen haben wir eine sehr genaue wegbeschreibung vom flughafen zum b b erhalten  im zimmer waren dann noch weitere informationen zu busverbindungen  ausflugstipps sowie stadtpl nen vorhanden  
52670,das appartment ist wirklich eine besondere unterkunft  ber der  ltesten bar seattles  es ist sehr sauber und alles was man ben tigt ist vorhanden  am wochenende kann es etwas lauter werden aber das wei  man ja vorher  wir w rden wieder buchen 
52788,wir verbrachten 9 wunderbare tage im  cheery seattle house  wof r ich mich bei candace und martin bedanken m chte  dieses haus ist perfekt geeignet f r den aufenthalt von 2 personen in der sch nsten stadt der usa  es liegt sehr zentral dass man alle interessanten punkte der stadt innerhalb k rzester zeit mit dem auto erreichen kann und doch ist es recht ruhig gelegen so dass man vom  blichen stadtl rm nichts mitbekommt       das haus bietet alles was man f r einen aufenthalt ben tigt  so dass man auf keinerlei annehmlichkeiten die man von zu hause gewohnt ist verzichten muss  kleinere gesch fte sind ebenfalls in n chster n he in denen man sich 7 tage die woche mit lebensmittel eindecken kann  ohne zu einem der gro en m rkte fahren zu m ssen     ebenfalls ist das haus f r besucher aus deutschsprachigen l ndern zu empfehlen da martin selbst aus  sterreich kommt und man entsprechend ben tigten informationen auch in deutsch bekommt  diese kommen auch immer recht schnell  so dass wir nie lange auf antworten auf unsere e mail anfragen warten mussten     es war meine erste reise mit air bnb und dank candace und martin ein voller erfolg  hierf r ein riesen dankesch n  sollte es uns wieder nach seattle verschlagen w rden wir uns jederzeit wieder f r dieses haus entscheiden   
53781,wir haben 3 tage in dieser unterkunft   ein doppelhaus   verbracht  wir in der linken doppelhaushaelfte  sarah   john wohnen in der rechten  das haus befindet sich in einer ruhigen wohnsiedlung auf einem sehr gepflegten grundstueck in traumhafter lage mit einem fantastischen blick auf lake washington  es ist sehr geschmackvoll eingerichtet  sehr sauber und die kueche ist sehr gut ausgestattet  es hat uns an nichts gefehlt  die bushaltestelle nach downtown seattle ist fusslaeufig ca  2 minuten vom haus entfernt  die fahrt nach downtown dauert ca  20 min  sarah und john sind sehr zuvorkommende und nette gastgeber  es war bisher sicherlich eines der besten unterkuenfte  in denen wir unseren urlaub verbracht haben  wir wuerden diese unterkunft jederzeit wieder buchen 
54772,es ist sehr nett an einem gro en baum mit einer schattigen terrasse   gut um nach dem sihht aseeing zu erholen   die vermieter sind sehr nett und hilfsbereit    das haus ist au erhalb in einer sehr ruhigen gegend  mit dem auto sehr gut zu errreichen und zu parken  um mit dem bus stra enbahn in die stadt zu faheren mu  man aber erst 15 minuten gehen   die wohnung ist f r 2 personen super  f r 3 machbar f r 4 personen aber ein weig klein   insgsamt sehr empfehlenswert 
55356,jane hat daf r gesorgt  dass wir uns sehr wohl f hlten  f r fr hst ck war gesorgt  wein und andere getr nke waren reichlich vorhanden  die gastgeberin war immer zu erreichen  wir konnten aber v llig selbst ndig sein  der eigene zugang  der  rest room  und das gro e zimmer haben uns gefallen  allerdings war es etwas dunkel  die lage war sehr ruhig und die umgebung hat uns  sehr gefallen 
55445,                    michelle mark                                                                                                               michelle mark                      
56011,das cottage ist ideal in einem sch nen vorort von seattle gelegen  ein tolles fr hst cksdiner nur ein paar h user entfernt  die gastgeber sind sehr auf unsere w nsche eingegangen  alles war sauber und die kommunikation hat sehr gut geklappt 
56130,die wohnung stimmte genau mit den bildern und der beschreibung  berein  jennifer hat uns sp ter noch begr  t und uns bez ge f r das sofa gebracht  wir haben uns hier sehr wohl gef hlt  die entfenung zur bushaltestelle war noch geringer als erwartet 50 meter   wir w rden  falls wir in seattle sind gerne wieder kommen 
56206,die unterkunft war sch n  sehr ger umig  sehr sauber und ordentlich   das haus befindet sich in unmittelbarer n he zu einer bushaltestelle und man kommt daher problemlos in die stadt  auch wenn wir die gastgeber nicht pers nlich kennengelernt haben  hat der ablauf reibungslos geklappt  uns hat der aufenthalt sehr gut gefallen  
56568,tayyab hat uns das quartier bereits um 13 00 uhr zur verf gung gestellt   ein gro z giges entgegenkommen  er hat uns pers nlch abgeholt und zu seiner wohnung gebracht  wir hatten eine sch nes zimmer mit eigenem bad und blick auf die needle  die fotos auf der inseratseite entsprechen wirklich der realit t  die wohnung bietet phantastische ausblicke auf seattle und den pazifik  wir haben uns dort ausgesprochen wohl gef hlt  tayyab ist ein perfekter gastgeber  danke f r die tolle unterbringung  die guten gespr che und die beste latte von seattle 
56586,tayyab war sehr hilfsbereit  die wohnung wie beschrieben   aber unbeschreiblich sch n war die aussicht aus dem 20  stockwerk  durch den kleinen erker im zimmer hatte man einen fabelhaften rundumblick  das bett war sehr bequem  die lage ist unschlagbar  sichere umgebung  alles zu fu  in wenigen minuten erreichbar  museen  bars  sehensw rdigkeiten  gesch fte    
56671,tayyab war bei unserer ankunft pers nlich vor ort  da wir sp ter als geplant ankamen und unser leihauto nicht mehr zur ckgeben konnten  organisierte tayyab einen sicheren tiefgaragenplatz  er gab uns gute tips f r die zwei tage in seattle  die unterkunft war wie beschrieben  lag zentral und bot eine tolle sicht auf seattle  alles war bestens 
57448,wir haben uns in janas zimmer sehr wohlgef hlt  der raum hat eine sehr tolle lage in beacon hill und eine gute verbindung zu den  ffentlichen verkehrsmitteln  die einen in ca  30 minuten in die innenstadt bringen  das bett war sehr bequem und vor allem ausreichend gro  f r zwei personen  toll waren auch shampoo  sp hlung und duschgel im badezimmer  das zimmer sieht auf den fotos um einiges gr  er aus als es ist  die sauberkeit ist eindeutig noch zu verbessern  recht staubig  haare im badezimmer und wir sind uns auch nicht sicher  ob der boden gesaugt wurde  trotzdem haben wir uns wohlgef hlt und einen tollen aufenthalt gehabt 
58206,alles unkompliziert und wunderbar   vielen dank
58685,ich wusste  dass mein gastgeber nicht anwesend sein wird  der empfang seiner stellvertretung war freundlich  die zwei bewohner  die da einquartiert waren  waren positiv unaufdringlich  das haus befindet sich in einer sehr sch nen  ruhigen gegend  nahe an der light train station  umgeben von kleinen coffeeshops  supermarkt und feinen kleinen restaurants und bars   zu seattle selber ist zu sagen  dass der aufenthalt selbst f r schweizer verh ltnisse unheimlich teuer ist  soll noch jemand sagen  die schweiz ist ein teures land 
59956,wir haben uns bei tom sehr wohl gef hlt  die wohnung war sehr sauber  geschmackvoll eingerichtet  sehr leise und in einer guten entfernung zum flughafen und in die stadt    wir k nnen die unterkunft sehr empfehlen  besuchen sie max   er wird sich sehr freuen 
60043,ellas wohnung war unglaublich toll  wir haben uns sofort richtig wohl gefuehlt  alles war super sauber  die einrichtung sehr schoen mit liebe zum detail   waschmaschine  trockner  gerschirrspueler   alles was das herz begehrt   war vorhanden  ella selbst war sehr freundlich  und bei fragen immer zu hilfe  wir haben uns sehr wohl gefuehlt  parkplaetze gibt es kostenlos in der nebenstrasse  die nachbarschaft ist sehr ruhig und angenehm  insgesamt absolut zu empfehlen 
60596,sch nes ruhiges zimmer in super nettem viertel der bis h lt um die ecke  bars und caf s in reichweite  shalini war sehr nett und hilfsbereit und f r uns war es eine gute wahl 
60826,heather und joe sind vorz gliche gastgeber  die einem jeden wunsch von den augen ablesen  wir waren zusammen mit meinem cousin f r 2 n chte bei ihnen und haben uns au erordentlich wohl gef hlt  die lage in einem ruhigen gr nen stadtteil mit zu fuss erreichbaren einkaufs  und ausgehm glichkeiten ist optimal  joe ist deutschland  und bmw liebhaber und heather hat deutsche philosophie studiert  wir hatten das gl ck  zu einer privaten feier eingeladen zu werden und sowohl mit heather und joe als auch ihren freunden die geschichte unserer l nder und die aktuelle politische lage zu diskutieren  dabei kam auch das leckere bier der  cascadians  nicht zu kurz         wir k nnen jedem nur empfehlen heather und joes airbnb als standort f r seattle zu nutzen  wir w rden es jederzeit wieder tun 
61549,ich bin froh diese unterkunft gefunden zu haben    jerome ist sofort sympathisch und ein wunderbarer gastgeber   man f hlt sich gut dort  es ist sauber  alles gut organisiert und praktisch   jerome hat alle r ume nett eingerichtet und ist stolz auf sein haus   mehrere bushaltestellen in der umgebung  der weg in die innenstadt ist einfach zu finden   
61749,angielena war super nett und hilfsbereit  check in und check out verliefen v llig problemlos  zus tzlich hat sie uns gute tipps f r seattle gegeben  die unterkunft hat ihren charme  bad  k che und zimmer super  nur ging in dem  vintage  zimmer das fenster zum innenhof und daher nicht zu  ffnen  weil klimaanlage am fenster   zudem trafen wir in der unterkunft andere nette leute  trotz der entfernung zur innenstadt  war diese sehr gut mit dem bus zu erreichen  haltestelle direkt vorm haus   w rden wir weiter empfehlen 
62312,wir waren mit 6 personen unterwegs und daf r war das apartment genau richtig  unsere beiden kleineren kinder haben im wohnzimmer auf der couch geschlafen  was gut ging  b der und k che waren voll funktionsf hig und in sehr gutem zustand  nur die frontplatte vom geschirrsp ler hat gefehlt   die lage des apartments war sehr gut  knapp 10 minuten zur space needle und zum pike place market zu fuss  auch den rest von downtown sind wir zu fuss abgegangen  
62638,sehr cooles apartment in einer extrem coolen  hippen gegend  capitol hill ist zwar zu fu  ca  20 minuten vom zentrum entfernt  aber eine sehr lebendige  junge gegend mit vielen super lokalen und bars  und dem besten eisgesch ft  das ich in usa gefunden habe   die wohnung ist sauber  gro   sehr gut ausger stet und ruhig   sehr empfehlenswert   einzig die zwei block entfernte feuerwehrstation sorgt manchmal f r l rm beim ausfahren  parken ist abends gut m glich   untertags gilt eine maximale parkdauer von 2 stunden   
63479,der aufenthalt war sehr angenehm  die bushaltestelle ist gleich in der n he  das badezimmer ist super  wir empfehlen die einsiedelei weiter
63679,wir waren 12 tage bei bob und  wurden sehr herzlich aufgenommen   es war alles so wie beschrieben der garten ist eine oase der ruhe   und man konnte den wirlpool benutzen oder einfach nur entspannen  dass wir das bad teilen mussten war auch kein problem die katzen genossen ihre streicheleinheiten und wenn unsere zimmert r offen war  schwupps lagen sie im bett   wenn nicht kratzten sie an der t r   bob ist ein ausergew hlicher hilfsbereiter und lieber gastgeber ich habe ihm so gerne zugeh rt wenn er auf  seinem  klavier spielte oder singend das geschirr sp lte dieses haus lebt und hat eine positive energie leider spreche ich nur ein wenig englisch und doch klappte die verst ndigung weil bob sich sehr gro e m he gab   bob  wenn es wirklich klappt dass wir uns sehen wenn du in italien bist werde ich bis dahin mein englisch aufbessern       danke f r alles  es war  sch n dich kennenzulernen        liebe gr  e auch von franziska  ulrike
64285,wir verbrachten drei tage bei lisa in ballard nach unserer landung in seattle  als familie mit kleinen kindern fanden wir hier den perfekten ort zum akklimatisieren  mit ruhe und verst ndnis  lisa gab uns viele tipps  die kinder fanden in finn einen spielfreund und bei der ankunft  berraschten uns frische kaffee bohnen in der k che  das h uschen ist sehr praktisch uns stilvoll eingerichtet  w re auch ein perfekter ort f r einen arbeitsaufenthalt mit schreibtisch  w lan und co   vielen dank lisa  tr umen schon von einem n chsten mal  
64338,wir haben die gastgeberin nur kurz gesehen  aber es war trotzdem kein problem mit dem check in  das appartment ist sauber und der blick auf den space needle wirklich ganz toll  eine baustelle nebenan machte es nur tags ber etwas laut  in der n he ist das sch ne belltown mit vielen kneipen und auch in die stadtmitte ist es nicht wirklich weit  ein bisschen beengt  weil es keinen schrank gibt um klamotten oder koffer zu verstauen  ein paar kleiderhaken  vielleicht an der t r   w ren sch n  ansonsten aber ein sch ner aufenthalt im sonnigen seattle 
65149,wir kamen relativ sp t bei dunkelheit am flughafen seattle an  aufgrund der guten wegbeschreibung von corey und bethanie konnten wir von dort das apartment aber gut finden  das apartment ist gut gelegen  vom flughafen sind es nur 10 15 minuten fahrtzeit  man ist mit dem auto auch schnell downtown oder am alki beach  das apartment an sich war recht klein  aber das hatten wir nach der beschreibung auch erwartet  f r unseren kurzaufenthalt in seattle daher genau richtig  das apartment war sauber  es gab ein b cherregal mit reisef hrern  kaffee gratis  internet und einen kleinen privaten gartenbereich  corey und bethanie haben wir nicht pers nlich angetroffen  der kontakt via mail oder telefon war aber jederzeit m glich 
65646,wir haben die 16 tage bei jill sehr genossen  die wohnung war top eingerichtet  hatte eine gute und ruhige lage  die busse und die lightrail waren nicht weit und auch ein gro er supermarkt war noch in laufweite  jill gab uns nette tipps und sie war schon vor der anreise st ndig in kontakt mit uns  mit unseren kinder war sie sehr entspannt  der k hlschrank war schon mit einigen dingen f r uns best ckt  wir w rden jederzeit wiederkommen  danke jill 
65659,wir haben uns im goat hill house sehr wohl gef hlt  jill hat alles wunderbar f r uns vorbereitet  wir haben alles gefunden was wir brauchten  obwohl wir mit zwei erwachsenen und drei kindern die wohnung maximal belegt haben  hatten wir gen gend platz   der sch ne garten und die ruhige umgebung waren ein erholsamer kontrast zur quirligen downtown  die mit dem bus ohne umsteigen sehr gut erreichbar war  wenn wir noch einmal nach seattle kommen  w rden wir uns sicher wieder f r jill s goat hill house entscheiden 
66613,zuallererst war der ausblick mehr als super  die bucht im blick kann man auf der terrasse fr hst cken und das bild genie en  die umgebung ist ebenfalls wunderbar  viele kleine h user  viel gr n und eine gute anbindung  kyle und nicole waren sehr hilfsbereit und haben uns mit allen n tigen infos versorgt  das zimmer ist f r 4 personen ausreichend gro   lediglich die autobahn ist etwas laut  alles in allem also eine wirklich zu empfehlenden unterkunft 
67479,vielen dank f r meine erste tolle erfahrung mit airbnb  ich wurde herzlich aufgenohmen  das zimmer und das bad war sauber und angenehm  ich konnte nach langer zeit wieder einmal deutsch sprechen und judith hat mir sehr geholfen meine tagestrips zu planen  sie weiss viel  ber seattle und hat auch karten und prospekte bereit  leider hatte ich nur zwei n chte in seattle verbracht  ich kann es aber jedem weiterempfehlen  wir hatten spannende diskussionen    vielen dank nocheinmal gary und judith
67767,der aufenthalt in travis apartment war sehr angenehm  alles war so wie beschrieben bzw  abgebildet  wir haben travis und seine freundin nicht sehr oft gesehen  da sie viel unterwegs waren  und wir auch   aber wenn wir sie gesehen haben  waren sie total nett und entspannt  wir durften alles benutzen und wurden eingeladen  uns wie zuhause zu f hlen    die lage der wohnung ist super  wir sind  berall hin zu fu  gegangen  
68935,maisonetteartige separate unterkunft   welche sich auf demselben grundst ck befindet wie das haupthaus der gastgeber   sehr gro z gig geschnitten und sauber  sichere  wohlhabende gegend    man kann um 10p m  auf der stra e unbesorgt spazieren gehen     spitzen busverbindung nach downtown  15min    20min mit dem auto zum airport  craig ist nett  gut strukturiert und zuvorkommend   fazit   top unterkunft allein oder als paar  in einer sehr sicheren und sch nen gegend mit super verkehrsanbindung nach downtown  eher nicht kinder geeignet   keine koch m glichkeit   
68951,wir hatten zum start unserer reise zwei  bernachtungen bei john und craig gebucht  der kontakt war sehr professionell und sympathisch  der war f r die verh ltnisse in seattle gut  bei unserer ankunft haben wir john und craig und ihre drei lieben hunde kennengelernt  die unterkunft war ein separates studio mit loft charakter  alles war sehr sauber und nett eingerichtet  das bett war super bequem  der k hlschrank war sogar mit getr nken f r uns eingerichtet  und als absolutes highlight waren die beiden auch noch so nett  uns am ersten abend zu ihrem lieblings diner zu fahren  insgesamt super erfahrung  immer wieder gerne zu john und craig 
69027,max ist ein sehr netter gastgeber  der uns herzlich willkommen hat und uns wie zu hause f hlen lassen hat  unser zimmer und separates bad waren sehr sauber und wir durften uns frei im wohnzimmer und k che bewegen  max hatte auch sehr gute insider tips f r die stadt  was man unternehmen kann und wo es was leckeres zu essen gibt   wir k nnen ihn w rmstens empfehlen und w rden immer wieder bei ihm wohnen   
69269,chris ist unglaublich hilfsbereit  begr  t seine g ste herzlich und steht ihnen mit rat und tat zur seite  seine freundliche art und die vielen aufmerksamen kleinigkeiten haben uns davon  berzeugt  dass wir chris auf jeden fall als gastgeber weiterempfehlen 
70348,das zimmer sowie die wohnug sind sehr gem tlich eingerichtet und sauber  die lage ist herforragend inmitten der stadt   michael und seine frau waren sehr nett und hilfsbereit  hatten viele tipps f r restaurants und aktivit ten   die beiden hunde waren sehr s ss 
70895,sch nes haus mit allem was man braucht  w rde hier gerne wieder wohnen wenn ich nochmal nach seattle reise   nice house with everthing you need 
71337,wir waren sehr zufrieden  corinne war sehr freundlich  saubere r ume und freundliche atmosph re  gerne wieder 
71424,angielena ist sehr nett  das zimmer war sehr sch n und sauber  das haus ist sehr originell und in einer tollen wohngegend  
72343,die wohnung ist sehr gem tlich und sehr sauber parkplatz f rs mietauto ist auch vorhanden k che voll ausgestattet bad mit dusche  toilette und waschbecken die schlafzimmer sind ger umig und die kingsize betten sehr bequem die wohnung ist sehr zu empfehlen     allerdings nicht f r raucher oder l rmempfindliche menschen   joey s friseursalon ist genau  ber der wohnung und das macht tags ber einen heidenl rm von oben   rauchen ist strictly nicht erlaubt im haus und auf dem grundst ck
72542,ein herzliches willkommen durch manuela in einem tollen appartment  ruhige lage in einem sehr sch nen teil von seattle  ideal f r fu g nger wie wir oder auch radfahrer  etwas weg vom gro stadtgetummel  aber super gut erreichbar  sehr gute parkm glichkeiten  nahe gelegene gesch fte und restaurants  die unterkunft bietet alles  was man braucht  und auch ein bi chen mehr  einfach ideal f r einen trip nach seattle  absolut empfehlenswert  dankesch n f r alles  wir kommen sehr gern wieder und dann f r einen l ngeren aufenthalt  da seattle und die umgebung unglaublich viel zu bieten haben 
72577,wir haben uns bei manuel von anfang an sehr wohl gef hlt  das appartment wirkte von anfang an sehr gem tlich und pers nlich  sch n war auch  dass vorr te wie z b  gew rze etc  vorhanden waren  wenn wir uns mal eine kleine mahlzeit zubereiten wollten  mussten wir nur das besorgen was wir tats chlich auch essen wollten     die wohnung liegt sehr verkehrsg nstig  alles hat gepasst   
73319,carol hat uns herzlich empfangen und das gut gel fftete zimmer gezeigt    war alles super  
73615,ich hielt mich f r 2 monate dort auf  insgesamt hat es mir gut gefallen  atmosph re und lebensart des hauses ist locker und angenehm  das zimmer hat die f r mich erforderliche privatheit und r ckzugsm glichkeit  es herrscht ein ziemliches gro es kommen und gehen von g sten  die meist freundlich und kommunikativ sind  einziger wermutstropfen  die sauberkeit im haus  k che und bad f r mich kaum benutzbar  weil verschmutzt und z t  f r  meine begriffe hygienischen standards nicht entspricht  eigene versuche  dem ab zu helfen  vor allem im bad    wurde durch einen teil der g ste umgehend wieder verschmutzt  gastgeberin erinn kam mit dem putzen leider nicht nach  funktionierende ger tschaften wie staubsauger nicht vorhanden oder selbst total verschmutzt  besen und schaufel  
74111,die lage der wohnung war ideal  da wir mit dem zug angereist waren   die wohnung war mit dem n tigsten ausgestattet  im badezimmer das waschbecken mit rostflecken  der duschvorhang mit schimmel  wir wollten dort nicht duschen  hatten versucht den schimmel zu entfernen  kontakt zu amy nur  ber haustelefon zur schl ssel bergabe  ich hatte im email nach anreisem glichkeiten vom bahnhof zur wohnung gefragt  bekam aber keine antwort darauf 
74310,der aufenthalt im garden apt  von nadine war wunderbar  alles ist so sch n wie auf den bilder  die gegend ist sehr ruhig und sicher  man ist schnell mit dem bus downtown und in laufn he zur space needle  wir haben und dort sehr wohl gef hlt  nadine war sehr nett und hilfsbreit  wir w rden jederzeit wieder dort  bernachten  wenn wir in seattle w ren 
75338,wir haben und bei stan und carrie rundrum wohl gef hlt  airbnb mag vielleicht auf einem segelboot ein wenig ungew hnlich sein  aber obwohl es nat rlich etwas enger als in einer wohnung war  hat uns nichts gest rt  im gegenteil  die vordere kabine  die wir hatten  war kuschelig und gem tlich  wir wurden herzlich aufgenommen mit wunderbarem fr hst ck und kaffe tee am bett versorgt  am sonntag kamen wir von einem auflug in die stadt zur ck und fanden leckereien und frisch gemachten salat vor  ohne dass wir damit gerechnet h tten  also nochmals herzlichen dank an stan und carrie f r die sch ne zeit und die netten gespr che in seattle  
76640,wir haben uns bei andrea sehr wohlgef hlt  die wohnung befindet sich in einem kleinen haus  das komplette dachgeschoss ist sehr nett und einladend eingerichtet  in der k che fanden wir alles was f r einen mehrt gigen aufenthalt notwendig war  gesch fte sind fu l ufig zu erreichen  die haltestelle downtown erreicht man in 5 gehminuten  downtown mit dem bus in ca 30 minuten   andrea ist eine nette  freundliche gastgeberin  sodass wir spontan um eine nacht verl ngert haben   danke f r einen netten aufenthalt in seattle  
76729,wir hatten eine tolle zeit  mr  z ist ein wunderbarer  warmherziger gastgeber  unsere erwartungen wurden noch  bertroffen   die unterkunft war wie beschrieben und mr  z k mmerte sich perfekt um uns und half bei allen fragen  wir kommen auf jeden fall wieder und k nnen es absolut weiterempfehlen 
77620,brant ist ein angenehmer gastgeber  die unterkunft bei brant war sehr nett  sie ist im untergescho  und damit ist es etwas finster aber das hat mich nicht gest rt  die schl ssel bergabe war total unproblematisch und ich konnte sofort ins zimmer  das bad wird mit einem anderen airbnb gast geteilt  alles sauber  
77680,wir hatten eine richtig gute zeit in christines kleinem haus in west seattle   die viertel ist angenehm ruhig und bietet trotzdem viele einkaufsm glichkeiten  restaurants etc   alki beach ist in der n he und downtown seattle mit dem auto oder wassertaxi schnell zu erreichen    christines kommunikation war vorbildlich und wir wurden bestens informiert    das haus ist einfach  aber gut ausgestattet und der garten bietet  kindern viel platz f r bewegung   unser sohn hat das gro e trampolin sehr genossen       wir freuen uns auf ein n chstes mal 
78027,                                        stephen                                                                                                                                                                                                                                                                   
78193,alles super  wenn alle so w ren wie debbie  w rden wir im paradies leben 
78429,katie hat ein s sses haus in einer ruigen und sicheren gegend in seattle  das haus ist sauber  der garten erholsahm und egal was du brauchst  katie wird dir helfen  super gastgeberin  total unkompliziert und empfehlenswert    danke f r alles katie    
78700,das apartment liegt im 25ten stock eines neuen hochhausen in downtown seattle  es ist luxuri s ausgestattet und hat einen tollen blick auf die stadt  sarah ist sehr bem ht um ihre g ste und l st alle probleme teilweise schon bevor sie auftreten  auf wunsch kann ein tiefgaragenparkplatz mit gebucht werden  so da  man unabh ngig ist von den  berh hten parkgeb hren in der umgebung   wir hatten eine sch ne zeit in seattle und w rden die wohnung jederzeit weiter empfehlen 
79206,julie war super nett und zuvorkommend  sie hat regelm  ig per airbnb message nachgefragt ob es uns gut geht und ob sie noch etwas f r uns tun kann  in der unterkunft waren f r alles und mehr gesorgt  auch flyer von seattle und umgebung  ein laptop  dvds  b cher stand bereit  au erdem gibt es einen ordner mit faqs  karten  buslinien  n chsten restaurants  coffe shops und superm rkten   julie hat sich sehr viel m he gegeben  damit ihre g ste alles haben was sie brauchen und sich wohl f hlen  eben ein richtiger cozyspace   
80057,unser aufenhalt in seattle war leider nur sehr kurz  doch daf r war das zimmer bei dirk und jaq ideal  von dort aus waren wir schnell im zentrum und bei der zugstation  von der aus ein zug direkt zum flughafen f hrt  dirk und jaq waren sehr freundlich und hilfsbereit  es war spannend  ein wenig  k nstlerluft  zu schnuppern  wir k nnen dieses zimmer weiterempfehlen  
80392,kleine wohnung im haus von tim  seperater zugang von au en   k nnte mal eine renovierung vertragen   aber sauber    gute lage in der n he zum lake washington und div lokalen    tim war ein super gastgeber   per mail immer schnell erreichbar   auch vor ort  aber nicht aufdringlich  
80545,mary hat uns gleich beim ausladen geholfen und anschlie end selbstgebackene cookies und getr nke angeboten  die beschreibung in der anzeige bez glich der r umlichkeiten trifft zu  das haus ist sehr farbenfroh  moderne m belst cke harmonieren mit phantastischen alten kirchenb nken im eingangsbereich  von den im juli 2015 angegebenen 2 hunden gibt es nur noch einen recht alten und gem tlichen hund   das haus ist au erhalb seattles in einem wohngebiet recht ruhig an einem kleinen h gel gelegen  auch etwas au erhalb des zentrums vom stadtteil columbia  mary hat aber immer angeboten einen bis zur lighttrain station zu fahren oder sogar nach seattle rein und auch wieder abzuholen  von der lighttrain station othello ist man in ca  20 25 min  in der city  ca  8 10 stationen  je nachdem wo man im zentrum etwas unternehmen m chte    mary selbst ist eine warmherzige person  die gerne mit menschen mit kontakt ist  sich zeit nimmt f r gespr che und die g ste mit einem fr hst ck nach wunsch  kuchen  keksen und auch einem snackpaket f r den tag versorgt 
80612,wir  zwei paare  haben zwei n chte bei marlee gewohnt und k nnen es nur weiterempfehlen  marlee ist eine super gastgeberin  man f hlt sich rundum willkommen bei ihr  es gab obst  bagel  kaffee und vieles andere  sie hat uns viele tipps und material f r die stadt gegeben  die lage ihres hauses ist in einer sch nen ruhigen gegend mit gutem anschluss um mit bus in die innenstadt zu fahren  das auto kann bequem vor dem haus geparkt werden es war immer was frei  es gibt eine tolle terrasse mit blick aufs meer  alles in allem hat es uns sehr gut gefallen 
80825,auch wenn die reise nach amerika ging und ich dort fast ausschlie lich englisch gesprochen habe  werde ich diese bewertung mal aus bequemlichkeit auf deutsch verfassen und hoffe auf die leistung des airbnb  bersetzers        ich hatte bereits eine woche in seattle verbracht  als ich zu betsy kam   der kontakt und die kommunikation vor der ankunft verlief schnell und reibungslos   am abend meiner ankunft hat sie mich freundlich empfangen und ich fand sie auch gleich super sympathisch  das zimmer ist echt sch n und ich habe mich darin sehr wohl gef hlt  wenngleich das bett etwas kurz ist und ich mit meinen 1 82m etwas  berl nge hatte  betsy ist eine tolle gastgeberin  sie hat f r mich platz in der k che  im k hlschrank und im bad vorbereitet  sodass ich alles verstauen konnte  w lan internet war auch kein problem  sie hat mir sogar jeden morgen kaffee gekocht  obwohl sie selbst gar keinen trinkt  das ist service        die lage ist ruhig  aber man kommt mit dem bus auch schnell nach downtown  ins get mmel  der n chste supermarkt und die bushaltestelle sind nur ca  10 15 minuten fu weg entfernt  es ist also was f r jeden der gern etwas ruhe genie t aber trotzdem auch etwas unternehmen will   der preis ist f r deutsche verh ltnisse recht hoch  da man aber in amerika sowieso nicht mit europ ischen ma st ben rechnen kann  wie ich lernen musste  denke ich  dass es angemessen ist     alles in allem habe ich meinen aufenthalt bei betsy sehr genossen und kann die unterkunft nur w rmstens weiterempfehlen    
81878,angelique war unglaublich nett  aufmerksam und hilfsbereit  obwohl sie uns den schl ssel nicht  pers nlich  bergeben konnte  hat sie alles daran gesetzt unseren aufenthalt so angenehm wie m glich zu gestalten  es stand nicht nur bier und wein f r uns als willkommensgeschenk bereit  sie war auch jederzeit erreichbar  um mit hilfreichen tips zu seattle und der nachbarschaft auszuhelfen  ihre wohnung ist sehr gut gelegen  entspricht genau der beschreibung und ist mit absolut allem ausgestattet  was man so brauchen k nnte  die lage ist super   zentrumsnah und in einer tollen gegend  in der es viele restaurants  kneipen  etc  gibt  wir waren sowohl von dem apartment als auch der gegend absolut begeistert  perfekte unterkunft und perfekte gastgeberin  jederzeit wieder  
82673,gene s apartment war praktisch gelegen   nahe zu allen sehenswuerdigkeiten und zum bahnhof  sie hatte alles perfekt organisiert und war immer verfuegbar fuer alle fragen    kleine abstriche gibt es fuer den leicht muffigen geruch   etwas  das ich in den usa allerdings auch schon in den besten hotels erlebt habe    alles in allem eine praktische  guenstige unterkunft mit bester organisation  danke  gene 
83953,barbara und michael empfingen uns mit offenen armen  die unterkunft liegt ruhig aber doch stadtnah  mit dem bus ca 15 min zum centrum   sie ist sehr konfortabel eingerichtet und blitzblank sauber  barbara und michael waren sehr hilfreich f r die tourenplanung in seattle und am ende machten sie uns noch ein tolles geschenk  wir w rden jederzeit gerne  wiederkommen
84378,die unterkunft war sehr sch n und genau so  wie auf den fotos und wie beschrieben  die wohnung war geschmackvoll und eingerichtet und es war alles vorhanden  was f r einen sch nen aufentahlt n tig ist  sie lag ruhig im hinteren bereich des hauses und der private garten war wie eine oase in der gro stadt   die zentrale lage war sehr gut und man war schnell zu fu  bei vielen sch nen restaurants und shops  capitol hill ist ein wirklich toller stadtteil um seattle und seine bewohner zu erleben und um seinen aufenthalt zu geniesen  die erreichbarkeit mit dem auto war auch ohne probleme und sehr schnell m glich  downtown war auch schnell und einfach zu erreichen   w hrend unserem aufenthalt war jessica sehr bem ht  nachdem die wettervorhersage  hei e tage  mitteilte lies jessica uns sogar eine klimaanlage bringen    wir w rden diese unterkunft jederzeit unseren freunden und bekannten empfehlen und sofort wieder buchen   ein gro en dank an jessica 
